LahmanID,Year,Team,Lg
averiea01,1933,CLE,A
chapmbe01,1933,NY,A
cronijo01,1933,WAS,A
crowdal01,1933,WAS,A
dickebi01,1933,NY,A
dykesji01,1933,CHI,A
ferreri01,1933,BOS,A
ferrewe01,1933,CLE,A
foxxji01,1933,PHI,A
gehrich01,1933,DET,A
gehrilo01,1933,NY,A
gomezle01,1933,NY,A
grovele01,1933,PHI,A
hildeor01,1933,CLE,A
lazzeto01,1933,NY,A
ruthba01,1933,NY,A
simmoal01,1933,CHI,A
westsa01,1933,STL,A
bartedi01,1933,PHI,N
bergewa01,1933,BOS,N
cuccito01,1933,BRO,N
engliwo01,1933,CHI,N
friscfr01,1933,STL,N
hafeych01,1933,CIN,N
hallabi01,1933,STL,N
hartnga01,1933,CHI,N
hubbeca01,1933,NY,N
kleinch01,1933,PHI,N
martipe01,1933,STL,N
o'doule01,1933,NY,N
schumha02,1933,NY,N
terrybi01,1933,NY,N
traynpi01,1933,PIT,N
wanerpa01,1933,PIT,N
warnelo01,1933,CHI,N
wilsoji01,1933,STL,N
averiea01,1934,CLE,A
bridgto01,1934,DET,A
chapmbe01,1934,NY,A
cochrmi01,1934,DET,A
cronijo01,1934,WAS,A
dickebi01,1934,NY,A
dykesji01,1934,CHI,A
ferreri01,1934,BOS,A
foxxji01,1934,PHI,A
gehrich01,1934,DET,A
gehrilo01,1934,NY,A
gomezle01,1934,NY,A
hardeme01,1934,CLE,A
higgipi01,1934,PHI,A
manushe01,1934,WAS,A
ruffire01,1934,NY,A
russeja01,1934,WAS,A
ruthba01,1934,NY,A
simmoal01,1934,CHI,A
westsa01,1934,STL,A
bergewa01,1934,BOS,N
cuyleki01,1934,CHI,N
deandi01,1934,STL,N
frankfr02,1934,BOS,N
friscfr01,1934,STL,N
hartnga01,1934,CHI,N
hermabi01,1934,CHI,N
hubbeca01,1934,NY,N
jackstr01,1934,NY,N
kleinch01,1934,CHI,N
lopezal01,1934,BRO,N
martipe01,1934,STL,N
medwijo01,1934,STL,N
moorejo02,1934,NY,N
mungova01,1934,BRO,N
ottme01,1934,NY,N
terrybi01,1934,NY,N
traynpi01,1934,PIT,N
vaughar01,1934,PIT,N
wanerpa01,1934,PIT,N
warnelo01,1934,CHI,N
averiea01,1935,CLE,A
bluegos01,1935,WAS,A
bridgto01,1935,DET,A
chapmbe01,1935,NY,A
cochrmi01,1935,DET,A
cramedo01,1935,PHI,A
cronijo01,1935,BOS,A
ferreri01,1935,BOS,A
foxxji01,1935,PHI,A
gehrich01,1935,DET,A
gehrilo01,1935,NY,A
gomezle01,1935,NY,A
grovele01,1935,BOS,A
hardeme01,1935,CLE,A
hemslro01,1935,STL,A
johnsbo01,1935,PHI,A
myerbu01,1935,WAS,A
rowesc01,1935,DET,A
simmoal01,1935,CHI,A
vosmijo01,1935,CLE,A
westsa01,1935,STL,A
bergewa01,1935,BOS,N
colliri02,1935,STL,N
deandi01,1935,STL,N
derripa01,1935,CIN,N
friscfr01,1935,STL,N
hartnga01,1935,CHI,N
hermabi01,1935,CHI,N
hubbeca01,1935,NY,N
mancugu01,1935,NY,N
martipe01,1935,STL,N
medwijo01,1935,STL,N
moorejo02,1935,NY,N
ottme01,1935,NY,N
schumha02,1935,NY,N
terrybi01,1935,NY,N
vaughar01,1935,PIT,N
walkebi01,1935,STL,N
wanerpa01,1935,PIT,N
whitebu01,1935,STL,N
wilsoji01,1935,PHI,N
applilu01,1936,CHI,A
averiea01,1936,CLE,A
bridgto01,1936,DET,A
chapmbe01,1936,WAS,A
crosefr01,1936,NY,A
dickebi01,1936,NY,A
dimagjo01,1936,NY,A
ferreri01,1936,BOS,A
foxxji01,1936,BOS,A
gehrich01,1936,DET,A
gehrilo01,1936,NY,A
gomezle01,1936,NY,A
gosligo01,1936,DET,A
grovele01,1936,BOS,A
hardeme01,1936,CLE,A
hemslro01,1936,STL,A
higgipi01,1936,PHI,A
kenneve01,1936,CHI,A
pearsmo01,1936,NY,A
radclri01,1936,CHI,A
rowesc01,1936,DET,A
selkige01,1936,NY,A
bergewa01,1936,BOS,N
colliri02,1936,STL,N
daviscu01,1936,CHI,N
deandi01,1936,STL,N
demarfr02,1936,CHI,N
durocle01,1936,STL,N
galanau01,1936,CHI,N
hartnga01,1936,CHI,N
hermabi01,1936,CHI,N
hubbeca01,1936,NY,N
lombaer01,1936,CIN,N
martist01,1936,STL,N
medwijo01,1936,STL,N
moorejo02,1936,NY,N
mungova01,1936,BRO,N
ottme01,1936,NY,N
riggsle01,1936,CIN,N
suhrgu01,1936,PIT,N
vaughar01,1936,PIT,N
warnelo01,1936,CHI,N
whitnpi01,1936,PHI,N
averiea01,1937,CLE,A
bellbe01,1937,STL,A
bridgto01,1937,DET,A
cliftha01,1937,STL,A
cramedo01,1937,BOS,A
cronijo01,1937,BOS,A
dickebi01,1937,NY,A
dimagjo01,1937,NY,A
ferreri01,1937,WAS,A
ferrewe01,1937,WAS,A
foxxji01,1937,BOS,A
gehrich01,1937,DET,A
gehrilo01,1937,NY,A
gomezle01,1937,NY,A
greenha01,1937,DET,A
grovele01,1937,BOS,A
hardeme01,1937,CLE,A
moseswa01,1937,PHI,A
murphjo04,1937,NY,A
myerbu01,1937,WAS,A
rolfere01,1937,NY,A
sewellu01,1937,CHI,A
stratmo01,1937,CHI,A
walkege02,1937,DET,A
westsa01,1937,STL,A
bartedi01,1937,NY,N
blantcy01,1937,PIT,N
colliri02,1937,CHI,N
deandi01,1937,STL,N
demarfr02,1937,CHI,N
grissle01,1937,CIN,N
hartnga01,1937,CHI,N
hermabi01,1937,CHI,N
hubbeca01,1937,NY,N
jurgebi01,1937,CHI,N
lombaer01,1937,CIN,N
mancugu01,1937,NY,N
martipe01,1937,STL,N
medwijo01,1937,STL,N
mizejo01,1937,STL,N
moorege03,1937,BOS,N
moorejo02,1937,NY,N
mungova01,1937,BRO,N
ottme01,1937,NY,N
vaughar01,1937,PIT,N
waltebu01,1937,PHI,N
wanerpa01,1937,PIT,N
whitebu01,1937,NY,N
allenjo02,1938,CLE,A
averiea01,1938,CLE,A
cramedo01,1938,BOS,A
cronijo01,1938,BOS,A
dickebi01,1938,NY,A
dimagjo01,1938,NY,A
fellebo01,1938,CLE,A
ferreri01,1938,WAS,A
foxxji01,1938,BOS,A
gehrich01,1938,DET,A
gehrilo01,1938,NY,A
gomezle01,1938,NY,A
greenha01,1938,DET,A
grovele01,1938,BOS,A
johnsbo01,1938,PHI,A
kenneve01,1938,DET,A
kreevmi01,1938,CHI,A
lewisbu01,1938,WAS,A
murphjo04,1938,NY,A
newsobo01,1938,STL,A
rolfere01,1938,NY,A
ruffire01,1938,NY,A
travice01,1938,WAS,A
yorkru01,1938,DET,A
brownma01,1938,PIT,N
cuccito01,1938,BOS,N
danniha01,1938,NY,N
derripa01,1938,CIN,N
durocle01,1938,BRO,N
goodmiv01,1938,CIN,N
hackst01,1938,CHI,N
hartnga01,1938,CHI,N
hermabi01,1938,CHI,N
hubbeca01,1938,NY,N
lavagco01,1938,BRO,N
leebi02,1938,CHI,N
leibeha01,1938,NY,N
lombaer01,1938,CIN,N
martihe01,1938,PHI,N
mccorfr01,1938,CIN,N
medwijo01,1938,STL,N
moorejo02,1938,NY,N
ottme01,1938,NY,N
phelpba01,1938,BRO,N
turneji01,1938,BOS,N
vandejo01,1938,CIN,N
vaughar01,1938,PIT,N
wanerll01,1938,PIT,N
applilu01,1939,CHI,A
bridgto01,1939,DET,A
casege01,1939,WAS,A
cramedo01,1939,BOS,A
cronijo01,1939,BOS,A
crosefr01,1939,NY,A
dickebi01,1939,NY,A
dimagjo01,1939,NY,A
fellebo01,1939,CLE,A
foxxji01,1939,BOS,A
gehrilo01,1939,NY,A
gomezle01,1939,NY,A
gordojo01,1939,NY,A
greenha01,1939,DET,A
grovele01,1939,BOS,A
hayesfr01,1939,PHI,A
hemslro01,1939,CLE,A
hoagmy01,1939,STL,A
johnsbo01,1939,PHI,A
lyonste01,1939,CHI,A
mcquige02,1939,STL,A
murphjo04,1939,NY,A
newsobo01,1939,DET,A
rolfere01,1939,NY,A
ruffire01,1939,NY,A
selkige01,1939,NY,A
arnovmo01,1939,PHI,N
camildo01,1939,BRO,N
danniha01,1939,NY,N
daviscu01,1939,STL,N
derripa01,1939,CIN,N
fettelo01,1939,BOS,N
freylo01,1939,CIN,N
goodmiv01,1939,CIN,N
hackst01,1939,CHI,N
hermabi01,1939,CHI,N
jurgebi01,1939,NY,N
lavagco01,1939,BRO,N
leebi02,1939,CHI,N
lombaer01,1939,CIN,N
mccorfr01,1939,CIN,N
medwijo01,1939,STL,N
mizejo01,1939,STL,N
moorete01,1939,STL,N
ottme01,1939,NY,N
phelpba01,1939,BRO,N
vandejo01,1939,CIN,N
vaughar01,1939,PIT,N
waltebu01,1939,CIN,N
warnelo01,1939,STL,N
wyattwh01,1939,BRO,N
applilu01,1940,CHI,A
boudrlo01,1940,CLE,A
bridgto01,1940,DET,A
cramedo01,1940,BOS,A
dickebi01,1940,NY,A
dimagjo01,1940,NY,A
fellebo01,1940,CLE,A
finnelo01,1940,BOS,A
foxxji01,1940,BOS,A
gordojo01,1940,NY,A
greenha01,1940,DET,A
hayesfr01,1940,PHI,A
hemslro01,1940,CLE,A
johnsbo01,1940,PHI,A
kellech01,1940,NY,A
keltnke01,1940,CLE,A
leonadu02,1940,WAS,A
mackra01,1940,CLE,A
mcquige02,1940,STL,A
milnaal01,1940,CLE,A
newsobo01,1940,DET,A
pearsmo01,1940,NY,A
rolfere01,1940,NY,A
ruffire01,1940,NY,A
travice01,1940,WAS,A
willite01,1940,BOS,A
coscape01,1940,BRO,N
danniha01,1940,NY,N
derripa01,1940,CIN,N
durocle01,1940,BRO,N
frencla01,1940,CHI,N
hermabi01,1940,CHI,N
higbeki01,1940,PHI,N
hubbeca01,1940,NY,N
jurgebi01,1940,NY,N
lavagco01,1940,BRO,N
leibeha01,1940,CHI,N
lombaer01,1940,CIN,N
maypi01,1940,PHI,N
mccorfr01,1940,CIN,N
medwijo01,1940,BRO,N
milleed03,1940,BOS,N
mizejo01,1940,STL,N
moorejo02,1940,NY,N
moorete01,1940,STL,N
mulcahu01,1940,PHI,N
nichobi01,1940,CHI,N
ottme01,1940,NY,N
phelpba01,1940,BRO,N
vaughar01,1940,PIT,N
waltebu01,1940,CIN,N
westma02,1940,BOS,N
wyattwh01,1940,BRO,N
applilu01,1941,CHI,A
bentoal01,1941,DET,A
boudrlo01,1941,CLE,A
cronijo01,1941,BOS,A
cullero01,1941,STL,A
dickebi01,1941,NY,A
dimagdo01,1941,BOS,A
dimagjo01,1941,NY,A
doerrbo01,1941,BOS,A
fellebo01,1941,CLE,A
foxxji01,1941,BOS,A
gordojo01,1941,NY,A
hayesfr01,1941,PHI,A
heathje01,1941,CLE,A
hudsosi01,1941,WAS,A
kellech01,1941,NY,A
keltnke01,1941,CLE,A
leeth01,1941,CHI,A
ruffire01,1941,NY,A
russoma01,1941,NY,A
smithed04,1941,CHI,A
tebbebi01,1941,DET,A
travice01,1941,WAS,A
willite01,1941,BOS,A
yorkru01,1941,DET,A
blantcy01,1941,PHI,N
camildo01,1941,BRO,N
danniha01,1941,NY,N
derripa01,1941,CIN,N
elliobo01,1941,PIT,N
freylo01,1941,CIN,N
hackst01,1941,CHI,N
hermabi01,1941,BRO,N
hubbeca01,1941,NY,N
lavagco01,1941,BRO,N
leibeha01,1941,CHI,N
lopezal01,1941,PIT,N
mccorfr01,1941,CIN,N
medwijo01,1941,BRO,N
milleed03,1941,BOS,N
mizejo01,1941,STL,N
moorete01,1941,STL,N
nichobi01,1941,CHI,N
ottme01,1941,NY,N
owenmi01,1941,BRO,N
passecl01,1941,CHI,N
reisepe01,1941,BRO,N
slaugen01,1941,STL,N
vaughar01,1941,PIT,N
waltebu01,1941,CIN,N
warnelo01,1941,STL,N
wyattwh01,1941,BRO,N
bagbyji02,1942,CLE,A
bentoal01,1942,DET,A
bonhati01,1942,NY,A
boudrlo01,1942,CLE,A
chandsp01,1942,NY,A
dickebi01,1942,NY,A
dimagdo01,1942,BOS,A
dimagjo01,1942,NY,A
doerrbo01,1942,BOS,A
gordojo01,1942,NY,A
henrito01,1942,NY,A
hudsosi01,1942,WAS,A
hughste01,1942,BOS,A
johnsbo01,1942,PHI,A
keltnke01,1942,CLE,A
mcquige02,1942,STL,A
newhoha01,1942,DET,A
rizzuph01,1942,NY,A
rosarbu01,1942,NY,A
ruffire01,1942,NY,A
smithed04,1942,CHI,A
spencst01,1942,WAS,A
tebbebi01,1942,DET,A
wagneha01,1942,PHI,A
willite01,1942,BOS,A
yorkru01,1942,DET,A
brownji03,1942,STL,N
coopemo01,1942,STL,N
coopewa01,1942,STL,N
derripa01,1942,CIN,N
elliobo01,1942,PIT,N
hermabi01,1942,BRO,N
hubbeca01,1942,NY,N
litwhda01,1942,PHI,N
lombaer01,1942,BOS,N
marshwi01,1942,NY,N
mccorfr01,1942,CIN,N
medwijo01,1942,BRO,N
meltocl01,1942,NY,N
milleed03,1942,BOS,N
mizejo01,1942,NY,N
moorete01,1942,STL,N
ottme01,1942,NY,N
owenmi01,1942,BRO,N
passecl01,1942,CHI,N
reesepe01,1942,BRO,N
reisepe01,1942,BRO,N
slaugen01,1942,STL,N
starrra01,1942,CIN,N
vandejo01,1942,CIN,N
vaughar01,1942,BRO,N
waltebu01,1942,CIN,N
wyattwh01,1942,BRO,N
applilu01,1943,CHI,A
bagbyji02,1943,CLE,A
bonhati01,1943,NY,A
boudrlo01,1943,CLE,A
casege01,1943,WAS,A
chandsp01,1943,NY,A
dickebi01,1943,NY,A
doerrbo01,1943,BOS,A
earlyja01,1943,WAS,A
gordojo01,1943,NY,A
heathje01,1943,CLE,A
hughste01,1943,BOS,A
johnsbo01,1943,WAS,A
juddos01,1943,BOS,A
kellech01,1943,NY,A
keltnke01,1943,CLE,A
laabsch01,1943,STL,A
leonadu02,1943,WAS,A
lindejo01,1943,NY,A
newhoha01,1943,DET,A
rosarbu01,1943,CLE,A
siebedi01,1943,PHI,A
smithal03,1943,CLE,A
stephve01,1943,STL,A
wakefdi01,1943,DET,A
yorkru01,1943,DET,A
adamsac01,1943,NY,N
coopemo01,1943,STL,N
coopewa01,1943,STL,N
dahlgba01,1943,PHI,N
dimagvi01,1943,PIT,N
fletcel01,1943,PIT,N
freylo01,1943,CIN,N
galanau01,1943,BRO,N
hackst01,1943,CHI,N
hermabi01,1943,BRO,N
javeral01,1943,BOS,N
kurowwh01,1943,STL,N
laniema01,1943,STL,N
lombaer01,1943,NY,N
marioma01,1943,STL,N
mccorfr01,1943,CIN,N
milleed03,1943,CIN,N
musiast01,1943,STL,N
nichobi01,1943,CHI,N
ottme01,1943,NY,N
owenmi01,1943,BRO,N
passecl01,1943,CHI,N
polleho01,1943,STL,N
sewelri01,1943,PIT,N
vandejo01,1943,CIN,N
walkedi02,1943,BRO,N
walkeha01,1943,STL,N
borowha01,1944,NY,A
boudrlo01,1944,CLE,A
casege01,1944,WAS,A
cullero01,1944,CLE,A
doerrbo01,1944,BOS,A
ferreri01,1944,WAS,A
foxpe01,1944,BOS,A
groveor01,1944,CHI,A
hayesfr01,1944,PHI,A
heathje01,1944,CLE,A
hemslro01,1944,NY,A
higgipi01,1944,DET,A
hockeor01,1944,CLE,A
hughste01,1944,BOS,A
johnsbo01,1944,BOS,A
keltnke01,1944,CLE,A
leonadu02,1944,WAS,A
mcquige02,1944,STL,A
muncrbo01,1944,STL,A
newhoha01,1944,DET,A
newsobo01,1944,PHI,A
pagejo01,1944,NY,A
spencst01,1944,WAS,A
stephve01,1944,STL,A
troutdi01,1944,DET,A
tucketh01,1944,CHI,A
yorkru01,1944,DET,A
andrena01,1944,BOS,N
cavarph01,1944,CHI,N
coopewa01,1944,STL,N
dimagvi01,1944,PIT,N
elliobo01,1944,PIT,N
galanau01,1944,BRO,N
javeral01,1944,BOS,N
johnsdo02,1944,CHI,N
kurowwh01,1944,STL,N
laniema01,1944,STL,N
marioma01,1944,STL,N
mccorfr01,1944,CIN,N
medwijo01,1944,NY,N
milleed03,1944,CIN,N
muellra01,1944,CIN,N
mungere01,1944,STL,N
musiast01,1944,STL,N
nichobi01,1944,CHI,N
ottme01,1944,NY,N
owenmi01,1944,BRO,N
raffeke01,1944,PHI,N
ryanco01,1944,BOS,N
sewelri01,1944,PIT,N
tobinji01,1944,BOS,N
voisebi01,1944,NY,N
walkedi02,1944,BRO,N
waltebu01,1944,CIN,N
zakfr01,1944,PIT,N
borowha01,1945,NY,A
boudrlo01,1945,CLE,A
casege01,1945,WAS,A
chrisru01,1945,PHI,A
cuccito01,1945,CHI,A
ettenni01,1945,NY,A
ferreri01,1945,WAS,A
ferrida01,1945,BOS,A
greenha01,1945,DET,A
grimeos01,1945,NY,A
gromest01,1945,CLE,A
hayesfr01,1945,CLE,A
heathje01,1945,CLE,A
johnsbo01,1945,BOS,A
krameja01,1945,STL,A
leeth01,1945,CHI,A
leonadu02,1945,WAS,A
mayoed01,1945,DET,A
mcquige02,1945,STL,A
moseswa01,1945,CHI,A
newhoha01,1945,DET,A
reynoal01,1945,CLE,A
stephve01,1945,STL,A
stirnsn01,1945,NY,A
treshmi01,1945,CHI,A
barrere01,1945,STL,N
cavarph01,1945,CHI,N
coopemo01,1945,BOS,N
elliobo01,1945,PIT,N
greggha01,1945,BRO,N
hackst01,1945,CHI,N
holmeto01,1945,BOS,N
johnsdo02,1945,CHI,N
kurowwh01,1945,STL,N
lombaer01,1945,NY,N
marioma01,1945,STL,N
masiph01,1945,BOS,N
mccorfr01,1945,CIN,N
mungova01,1945,NY,N
nichobi01,1945,CHI,N
o'deake01,1945,STL,N
ottme01,1945,NY,N
pafkoan01,1945,CHI,N
passecl01,1945,CHI,N
roepr01,1945,PIT,N
rosengo01,1945,BRO,N
sewelri01,1945,PIT,N
verbaem01,1945,STL,N
walkedi02,1945,BRO,N
wyseha01,1945,CHI,N
applilu01,1946,CHI,A
chandsp01,1946,NY,A
chapmsa01,1946,PHI,A
dickebi01,1946,NY,A
dimagdo01,1946,BOS,A
dimagjo01,1946,NY,A
doerrbo01,1946,BOS,A
fellebo01,1946,CLE,A
ferrida01,1946,BOS,A
gordojo01,1946,NY,A
harrimi01,1946,BOS,A
hayesfr01,1946,CLE,A
kellech01,1946,NY,A
keltnke01,1946,CLE,A
krameja01,1946,STL,A
newhoha01,1946,DET,A
peskyjo01,1946,BOS,A
rosarbu01,1946,PHI,A
spencst01,1946,WAS,A
stephve01,1946,STL,A
stirnsn01,1946,NY,A
vernomi01,1946,WAS,A
wagneha01,1946,BOS,A
willite01,1946,BOS,A
yorkru01,1946,BOS,A
blackew01,1946,CIN,N
cavarph01,1946,CHI,N
coopemo01,1946,BOS,N
coopewa01,1946,NY,N
ennisde01,1946,PHI,N
gustifr01,1946,PIT,N
higbeki01,1946,BRO,N
hoppjo01,1946,BOS,N
kurowwh01,1946,STL,N
lamanra01,1946,CIN,N
lowrepe01,1946,CHI,N
marioma01,1946,STL,N
masiph01,1946,BOS,N
mccorfr01,1946,PHI,N
milleed03,1946,CIN,N
mizejo01,1946,NY,N
musiast01,1946,STL,N
passecl01,1946,CHI,N
polleho01,1946,STL,N
reesepe01,1946,BRO,N
reisepe01,1946,BRO,N
schmijo01,1946,CHI,N
schoere01,1946,STL,N
sewelri01,1946,PIT,N
slaugen01,1946,STL,N
verbaem01,1946,PHI,N
walkedi02,1946,BRO,N
applilu01,1947,CHI,A
boudrlo01,1947,CLE,A
chandsp01,1947,NY,A
dimagjo01,1947,NY,A
doerrbo01,1947,BOS,A
fellebo01,1947,CLE,A
gordojo01,1947,CLE,A
heganji01,1947,CLE,A
henrito01,1947,NY,A
johnsbi03,1947,NY,A
kellech01,1947,NY,A
kellge01,1947,DET,A
krameja01,1947,STL,A
lewisbu01,1947,WAS,A
mastewa02,1947,WAS,A
mcquige02,1947,NY,A
mullipa01,1947,DET,A
newhoha01,1947,DET,A
pagejo01,1947,NY,A
robinaa01,1947,NY,A
rosarbu01,1947,PHI,A
sheasp01,1947,NY,A
spencst01,1947,WAS,A
troutdi01,1947,DET,A
willite01,1947,BOS,A
yorkru01,1947,CHI,A
blackew01,1947,CIN,N
brancra01,1947,BRO,N
brechha01,1947,STL,N
cavarph01,1947,CHI,N
coopewa01,1947,NY,N
edwarbr01,1947,BRO,N
elliobo01,1947,BOS,N
gustifr01,1947,PIT,N
haasbe01,1947,CIN,N
kurowwh01,1947,STL,N
marioma01,1947,STL,N
marshwi01,1947,NY,N
masiph01,1947,BOS,N
milleed03,1947,CIN,N
mizejo01,1947,NY,N
mungere01,1947,STL,N
musiast01,1947,STL,N
pafkoan01,1947,CHI,N
reesepe01,1947,BRO,N
rowesc01,1947,PHI,N
sainjo01,1947,BOS,N
slaugen01,1947,STL,N
spahnwa01,1947,BOS,N
stanked01,1947,BRO,N
verbaem01,1947,PHI,N
walkedi02,1947,BRO,N
walkeha01,1947,PHI,N
berrayo01,1948,NY,A
boudrlo01,1948,CLE,A
colemjo04,1948,PHI,A
dimagjo01,1948,NY,A
dobsojo01,1948,BOS,A
doerrbo01,1948,BOS,A
eversho01,1948,DET,A
fellebo01,1948,CLE,A
gordojo01,1948,CLE,A
haynejo01,1948,CHI,A
henrito01,1948,NY,A
kellge01,1948,DET,A
keltnke01,1948,CLE,A
lemonbo01,1948,CLE,A
mastewa02,1948,WAS,A
mcquige02,1948,NY,A
mullipa01,1948,DET,A
newhoha01,1948,DET,A
pagejo01,1948,NY,A
raschvi01,1948,NY,A
rosarbu01,1948,PHI,A
stephve01,1948,BOS,A
tebbebi01,1948,BOS,A
vernomi01,1948,WAS,A
willite01,1948,BOS,A
zarilal01,1948,STL,A
ashburi01,1948,PHI,N
blackew01,1948,CIN,N
brancra01,1948,BRO,N
brechha01,1948,STL,N
coopewa01,1948,NY,N
elliobo01,1948,BOS,N
gordosi01,1948,NY,N
gustifr01,1948,PIT,N
holmeto01,1948,BOS,N
kerrbu01,1948,NY,N
kinerra01,1948,PIT,N
marioma01,1948,STL,N
masiph01,1948,BOS,N
mcculcl01,1948,CHI,N
mizejo01,1948,NY,N
musiast01,1948,STL,N
pafkoan01,1948,CHI,N
reesepe01,1948,BRO,N
riddlel01,1948,PIT,N
rignebi01,1948,NY,N
sainjo01,1948,BOS,N
schmijo01,1948,CHI,N
schoere01,1948,STL,N
slaugen01,1948,STL,N
stanked01,1948,BOS,N
thomsbo01,1948,NY,N
waitked01,1948,CHI,N
berrayo01,1949,NY,A
brisslo01,1949,PHI,A
dillibo01,1949,STL,A
dimagdo01,1949,BOS,A
dimagjo01,1949,NY,A
dobyla01,1949,CLE,A
goodmbi01,1949,BOS,A
gordojo01,1949,CLE,A
heganji01,1949,CLE,A
henrito01,1949,NY,A
joosted01,1949,PHI,A
kellge01,1949,DET,A
kellnal01,1949,PHI,A
lemonbo01,1949,CLE,A
michaca01,1949,CHI,A
mitchda01,1949,CLE,A
parneme01,1949,BOS,A
raschvi01,1949,NY,A
reynoal01,1949,NY,A
robined01,1949,WAS,A
stephve01,1949,BOS,A
tebbebi01,1949,BOS,A
truckvi01,1949,DET,A
wertzvi01,1949,DET,A
willite01,1949,BOS,A
bickfve01,1949,BOS,N
blackew01,1949,CIN,N
brancra01,1949,BRO,N
camparo01,1949,BRO,N
coopewa01,1949,CIN,N
gordosi01,1949,NY,N
hodgegi01,1949,BRO,N
kazaked01,1949,STL,N
kinerra01,1949,PIT,N
marioma01,1949,STL,N
marshwi01,1949,NY,N
mizejo01,1949,NY,N
mungere01,1949,STL,N
musiast01,1949,STL,N
newcodo01,1949,BRO,N
pafkoan01,1949,CHI,N
polleho01,1949,STL,N
reesepe01,1949,BRO,N
robinja02,1949,BRO,N
roepr01,1949,BRO,N
schoere01,1949,STL,N
seminan01,1949,PHI,N
slaugen01,1949,STL,N
spahnwa01,1949,BOS,N
thomsbo01,1949,NY,N
waitked01,1949,PHI,N
berrayo01,1950,NY,A
byrneto01,1950,NY,A
colemje01,1950,NY,A
dimagdo01,1950,BOS,A
dimagjo01,1950,NY,A
dobyla01,1950,CLE,A
doerrbo01,1950,BOS,A
dropowa01,1950,BOS,A
eversho01,1950,DET,A
fainfe01,1950,PHI,A
fellebo01,1950,CLE,A
grayte01,1950,DET,A
heganji01,1950,CLE,A
henrito01,1950,NY,A
houttar01,1950,DET,A
kellge01,1950,DET,A
lemonbo01,1950,CLE,A
lollash01,1950,STL,A
michaca01,1950,WAS,A
raschvi01,1950,NY,A
reynoal01,1950,NY,A
rizzuph01,1950,NY,A
scarbra01,1950,CHI,A
stephve01,1950,BOS,A
willite01,1950,BOS,A
blackew01,1950,CIN,N
camparo01,1950,BRO,N
coopewa01,1950,BOS,N
hodgegi01,1950,BRO,N
jansela01,1950,NY,N
joneswi01,1950,PHI,N
kinerra01,1950,PIT,N
konstji01,1950,PHI,N
marioma01,1950,STL,N
musiast01,1950,STL,N
newcodo01,1950,BRO,N
pafkoan01,1950,CHI,N
reesepe01,1950,BRO,N
roberro01,1950,PHI,N
robinja02,1950,BRO,N
roepr01,1950,BRO,N
rushbo01,1950,CHI,N
sauerha01,1950,CHI,N
schoere01,1950,STL,N
sisledi01,1950,PHI,N
slaugen01,1950,STL,N
snidedu01,1950,BRO,N
spahnwa01,1950,BOS,N
stanked01,1950,NY,N
wyrosjo01,1950,CIN,N
berrayo01,1951,NY,A
busbyji01,1951,CHI,A
carrach01,1951,CHI,A
dimagdo01,1951,BOS,A
dimagjo01,1951,NY,A
dobyla01,1951,CLE,A
doerrbo01,1951,BOS,A
fainfe01,1951,PHI,A
foxne01,1951,CHI,A
garvene01,1951,STL,A
gumpera01,1951,CHI,A
heganji01,1951,CLE,A
hutchfr01,1951,DET,A
kellge01,1951,DET,A
lemonbo01,1951,CLE,A
lopated01,1951,NY,A
marreco01,1951,WAS,A
minosmi01,1951,CHI,A
parneme01,1951,BOS,A
rizzuph01,1951,NY,A
robined01,1951,CHI,A
shantbo01,1951,PHI,A
stephve01,1951,BOS,A
wertzvi01,1951,DET,A
willite01,1951,BOS,A
ashburi01,1951,PHI,N
blackew01,1951,CIN,N
camparo01,1951,BRO,N
darkal01,1951,NY,N
edwarbr01,1951,CHI,N
elliobo01,1951,BOS,N
ennisde01,1951,PHI,N
hodgegi01,1951,BRO,N
jansela01,1951,NY,N
joneswi01,1951,PHI,N
kinerra01,1951,PIT,N
leonadu02,1951,CHI,N
maglisa01,1951,NY,N
musiast01,1951,STL,N
newcodo01,1951,BRO,N
reesepe01,1951,BRO,N
roberro01,1951,PHI,N
robinja02,1951,BRO,N
roepr01,1951,BRO,N
schoere01,1951,STL,N
slaugen01,1951,STL,N
snidedu01,1951,BRO,N
spahnwa01,1951,BOS,N
westlwa01,1951,STL,N
wyrosjo01,1951,CIN,N
avilabo01,1952,CLE,A
bauerha01,1952,NY,A
berrayo01,1952,NY,A
dimagdo01,1952,BOS,A
dobyla01,1952,CLE,A
fainfe01,1952,PHI,A
foxne01,1952,CHI,A
garcimi01,1952,CLE,A
heganji01,1952,CLE,A
jenseja01,1952,WAS,A
joosted01,1952,PHI,A
kellge01,1952,BOS,A
lemonbo01,1952,CLE,A
mantlmi01,1952,NY,A
mcdougi01,1952,NY,A
minosmi01,1952,CHI,A
mitchda01,1952,CLE,A
paigesa01,1952,STL,A
raschvi01,1952,NY,A
reynoal01,1952,NY,A
rizzuph01,1952,NY,A
robined01,1952,CHI,A
rosenal01,1952,CLE,A
shantbo01,1952,PHI,A
wertzvi01,1952,DET,A
yosted01,1952,WAS,A
atwelto01,1952,CHI,N
camparo01,1952,BRO,N
darkal01,1952,NY,N
furilca01,1952,BRO,N
hamnegr01,1952,PHI,N
hattogr01,1952,CIN,N
hearnji01,1952,NY,N
hodgegi01,1952,BRO,N
irvinmo01,1952,NY,N
kinerra01,1952,PIT,N
lockmwh01,1952,NY,N
maglisa01,1952,NY,N
musiast01,1952,STL,N
reesepe01,1952,BRO,N
roberro01,1952,PHI,N
robinja02,1952,BRO,N
roepr01,1952,BRO,N
rushbo01,1952,CHI,N
sauerha01,1952,CHI,N
schoere01,1952,STL,N
simmocu01,1952,PHI,N
slaugen01,1952,STL,N
snidedu01,1952,BRO,N
spahnwa01,1952,BOS,N
stalege01,1952,STL,N
thomsbo01,1952,NY,N
westrwe01,1952,NY,N
bauerha01,1953,NY,A
berrayo01,1953,NY,A
carrach01,1953,CHI,A
dobyla01,1953,CLE,A
fainfe01,1953,CHI,A
foxne01,1953,CHI,A
garcimi01,1953,CLE,A
goodmbi01,1953,BOS,A
huntebi03,1953,STL,A
kellge01,1953,BOS,A
kuennha01,1953,DET,A
lemonbo01,1953,CLE,A
mantlmi01,1953,NY,A
minosmi01,1953,CHI,A
mizejo01,1953,NY,A
paigesa01,1953,STL,A
piercbi02,1953,CHI,A
reynoal01,1953,NY,A
rizzuph01,1953,NY,A
robined01,1953,PHI,A
rosenal01,1953,CLE,A
sainjo01,1953,NY,A
vernomi01,1953,WAS,A
whitesa02,1953,BOS,A
willite01,1953,BOS,A
zernigu01,1953,PHI,A
ashburi01,1953,PHI,N
bellhi01,1953,CIN,N
camparo01,1953,BRO,N
crandde01,1953,MIL,N
dicksmu01,1953,PIT,N
furilca01,1953,BRO,N
haddiha01,1953,STL,N
hamnegr01,1953,PHI,N
hodgegi01,1953,BRO,N
kinerra01,1953,CHI,N
kluszte01,1953,CIN,N
matheed01,1953,MIL,N
mcculcl01,1953,CHI,N
musiast01,1953,STL,N
reesepe01,1953,BRO,N
ricede01,1953,STL,N
roberro01,1953,PHI,N
robinja02,1953,BRO,N
schoere01,1953,STL,N
simmocu01,1953,PHI,N
slaugen01,1953,STL,N
snidedu01,1953,BRO,N
spahnwa01,1953,MIL,N
stalege01,1953,STL,N
westrwe01,1953,NY,N
wilheho01,1953,NY,N
willida03,1953,NY,N
avilabo01,1954,CLE,A
bauerha01,1954,NY,A
berrayo01,1954,NY,A
boonera01,1954,DET,A
carrach01,1954,CHI,A
consusa01,1954,CHI,A
dobyla01,1954,CLE,A
fainfe01,1954,CHI,A
finigji01,1954,PHI,A
fordwh01,1954,NY,A
foxne01,1954,CHI,A
garcimi01,1954,CLE,A
keegabo01,1954,CHI,A
kellge01,1954,CHI,A
kuennha01,1954,DET,A
lemonbo01,1954,CLE,A
lollash01,1954,CHI,A
mantlmi01,1954,NY,A
minosmi01,1954,CHI,A
norenir01,1954,NY,A
piersji01,1954,BOS,A
portebo01,1954,WAS,A
reynoal01,1954,NY,A
rosenal01,1954,CLE,A
stonede01,1954,WAS,A
truckvi01,1954,CHI,A
turlebo01,1954,BAL,A
vernomi01,1954,WAS,A
willite01,1954,BOS,A
antonjo02,1954,NY,N
bellhi01,1954,CIN,N
burgesm01,1954,PHI,N
camparo01,1954,BRO,N
conlege01,1954,MIL,N
crandde01,1954,MIL,N
darkal01,1954,NY,N
erskica01,1954,BRO,N
grissma01,1954,NY,N
haddiha01,1954,STL,N
hamnegr01,1954,PHI,N
hodgegi01,1954,BRO,N
jablora01,1954,STL,N
jacksra01,1954,CHI,N
kluszte01,1954,CIN,N
mayswi01,1954,NY,N
muelldo01,1954,NY,N
musiast01,1954,STL,N
reesepe01,1954,BRO,N
roberro01,1954,PHI,N
robinja02,1954,BRO,N
schoere01,1954,STL,N
snidedu01,1954,BRO,N
spahnwa01,1954,MIL,N
thomafr03,1954,PIT,N
wilsoji02,1954,MIL,N
avilabo01,1955,CLE,A
berrayo01,1955,NY,A
carrach01,1955,CHI,A
dobyla01,1955,CLE,A
donovdi01,1955,CHI,A
finigji01,1955,KC,A
fordwh01,1955,NY,A
foxne01,1955,CHI,A
hoeftbi01,1955,DET,A
jenseja01,1955,BOS,A
kalinal01,1955,DET,A
kuennha01,1955,DET,A
lollash01,1955,CHI,A
mantlmi01,1955,NY,A
piercbi02,1955,CHI,A
powervi01,1955,KC,A
rosenal01,1955,CLE,A
scorehe01,1955,CLE,A
smithal04,1955,CLE,A
sullifr01,1955,BOS,A
turlebo01,1955,NY,A
vernomi01,1955,WAS,A
willite01,1955,BOS,A
wilsoji02,1955,BAL,A
wynnea01,1955,CLE,A
aaronha01,1955,MIL,N
arroylu01,1955,STL,N
bakerge02,1955,CHI,N
bankser01,1955,CHI,N
burgesm01,1955,CIN,N
camparo01,1955,BRO,N
conlege01,1955,MIL,N
crandde01,1955,MIL,N
ennisde01,1955,PHI,N
haddiha01,1955,STL,N
hodgegi01,1955,BRO,N
jacksra01,1955,CHI,N
jonessa02,1955,CHI,N
kluszte01,1955,CIN,N
loganjo01,1955,MIL,N
lopatst01,1955,PHI,N
matheed01,1955,MIL,N
mayswi01,1955,NY,N
muelldo01,1955,NY,N
musiast01,1955,STL,N
newcodo01,1955,BRO,N
nuxhajo01,1955,CIN,N
roberro01,1955,PHI,N
schoere01,1955,STL,N
snidedu01,1955,BRO,N
thomafr03,1955,PIT,N
berrayo01,1956,NY,A
boonera01,1956,DET,A
breweto01,1956,BOS,A
fordwh01,1956,NY,A
foxne01,1956,CHI,A
kalinal01,1956,DET,A
kellge01,1956,BAL,A
kucksjo01,1956,NY,A
kuennha01,1956,DET,A
lollash01,1956,CHI,A
mantlmi01,1956,NY,A
martibi02,1956,NY,A
maxwech01,1956,DET,A
mcdougi01,1956,NY,A
narlera01,1956,CLE,A
piercbi02,1956,CHI,A
piersji01,1956,BOS,A
powervi01,1956,KC,A
scorehe01,1956,CLE,A
sievero01,1956,WAS,A
simpsha01,1956,KC,A
sullifr01,1956,BOS,A
vernomi01,1956,BOS,A
willite01,1956,BOS,A
wilsoji02,1956,CHI,A
wynnea01,1956,CLE,A
aaronha01,1956,MIL,N
antonjo02,1956,NY,N
baileed01,1956,CIN,N
bankser01,1956,CHI,N
bellhi01,1956,CIN,N
boyerke01,1956,STL,N
camparo01,1956,BRO,N
crandde01,1956,MIL,N
frienbo01,1956,PIT,N
gilliji01,1956,BRO,N
kluszte01,1956,CIN,N
labincl01,1956,BRO,N
lawrebr01,1956,CIN,N
longda02,1956,PIT,N
lopatst01,1956,PHI,N
matheed01,1956,MIL,N
mayswi01,1956,NY,N
mcmilro01,1956,CIN,N
musiast01,1956,STL,N
nuxhajo01,1956,CIN,N
repulri01,1956,STL,N
roberro01,1956,PHI,N
robinfr02,1956,CIN,N
snidedu01,1956,BRO,N
spahnwa01,1956,MIL,N
templjo01,1956,CIN,N
berrayo01,1957,NY,A
bunniji01,1957,DET,A
demaejo01,1957,KC,A
foxne01,1957,CHI,A
grimbo01,1957,NY,A
howarel01,1957,NY,A
kalinal01,1957,DET,A
kellge01,1957,BAL,A
kuennha01,1957,DET,A
loesbi01,1957,BAL,A
malzofr01,1957,BOS,A
mantlmi01,1957,NY,A
maxwech01,1957,DET,A
mcdougi01,1957,NY,A
minosmi01,1957,CHI,A
mossido01,1957,CLE,A
piercbi02,1957,CHI,A
richabo01,1957,NY,A
shantbo01,1957,NY,A
sievero01,1957,WAS,A
skowrbi01,1957,NY,A
triangu01,1957,BAL,A
wertzvi01,1957,CLE,A
willite01,1957,BOS,A
wynnea01,1957,CLE,A
aaronha01,1957,MIL,N
antonjo02,1957,NY,N
baileed01,1957,CIN,N
bankser01,1957,CHI,N
bellhi01,1957,CIN,N
burdele01,1957,MIL,N
cimolgi01,1957,BRO,N
foileha01,1957,PIT,N
hoakdo01,1957,CIN,N
hodgegi01,1957,BRO,N
jacksla01,1957,STL,N
labincl01,1957,BRO,N
loganjo01,1957,MIL,N
matheed01,1957,MIL,N
mayswi01,1957,NY,N
mcmilro01,1957,CIN,N
moonwa01,1957,STL,N
musiast01,1957,STL,N
robinfr02,1957,CIN,N
sanfoja02,1957,PHI,N
schoere01,1957,MIL,N
simmocu01,1957,PHI,N
smithha09,1957,STL,N
spahnwa01,1957,MIL,N
templjo01,1957,CIN,N
aparilu01,1958,CHI,A
berrayo01,1958,NY,A
bridgro01,1958,WAS,A
cervbo01,1958,KC,A
durenry01,1958,NY,A
fordwh01,1958,NY,A
foxne01,1958,CHI,A
howarel01,1958,NY,A
jenseja01,1958,BOS,A
kalinal01,1958,DET,A
kubekto01,1958,NY,A
kuennha01,1958,DET,A
lollash01,1958,CHI,A
malzofr01,1958,BOS,A
mantlmi01,1958,NY,A
mcdougi01,1958,NY,A
narlera01,1958,CLE,A
o'delbi01,1958,BAL,A
piercbi02,1958,CHI,A
skowrbi01,1958,NY,A
triangu01,1958,BAL,A
turlebo01,1958,NY,A
vernomi01,1958,CLE,A
willite01,1958,BOS,A
wynnea01,1958,CHI,A
aaronha01,1958,MIL,N
antonjo02,1958,SF,N
ashburi01,1958,PHI,N
bankser01,1958,CHI,N
blasido01,1958,STL,N
crandde01,1958,MIL,N
crowege01,1958,CIN,N
farretu01,1958,PHI,N
frienbo01,1958,PIT,N
jacksla01,1958,STL,N
loganjo01,1958,MIL,N
matheed01,1958,MIL,N
mayswi01,1958,SF,N
mazerbi01,1958,PIT,N
mcmahdo02,1958,MIL,N
morynwa01,1958,CHI,N
musiast01,1958,STL,N
podrejo01,1958,LA,N
purkebo01,1958,CIN,N
rosebjo01,1958,LA,N
schmibo02,1958,SF,N
skinnbo01,1958,PIT,N
spahnwa01,1958,MIL,N
thomafr03,1958,PIT,N
wallsle01,1958,CHI,N
allisbo01,1959,WAS,A
aparilu01,1959,CHI,A
berrayo01,1959,NY,A
bunniji01,1959,DET,A
colavro01,1959,CLE,A
daleybu01,1959,KC,A
durenry01,1959,NY,A
fordwh01,1959,NY,A
foxne01,1959,CHI,A
howarel01,1959,NY,A
kalinal01,1959,DET,A
killeha01,1959,WAS,A
kubekto01,1959,NY,A
kuennha01,1959,DET,A
lollash01,1959,CHI,A
malzofr01,1959,BOS,A
mantlmi01,1959,NY,A
marisro01,1959,KC,A
mcdougi01,1959,NY,A
mclisca01,1959,CLE,A
minosmi01,1959,CLE,A
o'delbi01,1959,BAL,A
pascuca02,1959,WAS,A
piercbi02,1959,CHI,A
powervi01,1959,CLE,A
ramospe01,1959,WAS,A
richabo01,1959,NY,A
runnepe01,1959,BOS,A
sievero01,1959,WAS,A
skowrbi01,1959,NY,A
triangu01,1959,BAL,A
walkeje01,1959,BAL,A
wilheho01,1959,BAL,A
willite01,1959,BOS,A
woodlge01,1959,BAL,A
wynnea01,1959,CHI,A
aaronha01,1959,MIL,N
antonjo02,1959,SF,N
bankser01,1959,CHI,N
boyerke01,1959,STL,N
burdele01,1959,MIL,N
burgesm01,1959,PIT,N
cepedor01,1959,SF,N
conlege01,1959,PHI,N
crandde01,1959,MIL,N
cunnijo01,1959,STL,N
drysddo01,1959,LA,N
elstodo01,1959,CHI,N
facero01,1959,PIT,N
gilliji01,1959,LA,N
groatdi01,1959,PIT,N
jonessa02,1959,SF,N
loganjo01,1959,MIL,N
matheed01,1959,MIL,N
mayswi01,1959,SF,N
mazerbi01,1959,PIT,N
mizelvi01,1959,STL,N
moonwa01,1959,LA,N
musiast01,1959,STL,N
nealch01,1959,LA,N
pinsova01,1959,CIN,N
robinfr02,1959,CIN,N
smithha09,1959,STL,N
spahnwa01,1959,MIL,N
templjo01,1959,CIN,N
whitebi03,1959,STL,N
aparilu01,1960,CHI,A
bellge02,1960,CLE,A
berrayo01,1960,NY,A
coateji01,1960,NY,A
daleybu01,1960,KC,A
estrach01,1960,BAL,A
fordwh01,1960,NY,A
foxne01,1960,CHI,A
gentiji01,1960,BAL,A
hansero02,1960,BAL,A
howarel01,1960,NY,A
kalinal01,1960,DET,A
kuennha01,1960,CLE,A
laryfr01,1960,DET,A
lemonji01,1960,WAS,A
lollash01,1960,CHI,A
malzofr01,1960,BOS,A
mantlmi01,1960,NY,A
marisro01,1960,NY,A
minosmi01,1960,CHI,A
monbobi01,1960,BOS,A
pascuca02,1960,WAS,A
powervi01,1960,CLE,A
robinbr01,1960,BAL,A
runnepe01,1960,BOS,A
skowrbi01,1960,NY,A
smithal04,1960,CHI,A
stalege01,1960,CHI,A
stigmdi01,1960,CLE,A
willite01,1960,BOS,A
wynnea01,1960,CHI,A
aaronha01,1960,MIL,N
adcocjo01,1960,MIL,N
baileed01,1960,CIN,N
bankser01,1960,CHI,N
boyerke01,1960,STL,N
buhlbo01,1960,MIL,N
burgesm01,1960,PIT,N
cepedor01,1960,SF,N
clemero01,1960,PIT,N
crandde01,1960,MIL,N
facero01,1960,PIT,N
frienbo01,1960,PIT,N
groatdi01,1960,PIT,N
henrybi01,1960,CIN,N
jacksla01,1960,STL,N
larkeno01,1960,LA,N
lawve01,1960,PIT,N
matheed01,1960,MIL,N
mayswi01,1960,SF,N
mazerbi01,1960,PIT,N
mccormi03,1960,SF,N
mcdanli01,1960,STL,N
musiast01,1960,STL,N
nealch01,1960,LA,N
pinsova01,1960,CIN,N
podrejo01,1960,LA,N
skinnbo01,1960,PIT,N
tayloto02,1960,PHI,N
whitebi03,1960,STL,N
willist02,1960,LA,N
aparilu01,1961,CHI,A
arroylu01,1961,NY,A
berrayo01,1961,NY,A
brandja01,1961,BAL,A
bunniji01,1961,DET,A
cashno01,1961,DET,A
colavro01,1961,DET,A
donovdi01,1961,WAS,A
durenry01,1961,LA,A
fordwh01,1961,NY,A
fornimi01,1961,BOS,A
foxne01,1961,CHI,A
francti01,1961,CLE,A
gentiji01,1961,BAL,A
howarel01,1961,NY,A
howsedi01,1961,KC,A
kalinal01,1961,DET,A
killeha01,1961,MIN,A
kubekto01,1961,NY,A
laryfr01,1961,DET,A
latmaba01,1961,CLE,A
mantlmi01,1961,NY,A
marisro01,1961,NY,A
mcbrike01,1961,LA,A
pascuca02,1961,MIN,A
perryji01,1961,CLE,A
piercbi02,1961,CHI,A
robinbr01,1961,BAL,A
romanjo01,1961,CLE,A
schwado01,1961,BOS,A
sievero01,1961,CHI,A
skowrbi01,1961,NY,A
templjo01,1961,CLE,A
wilheho01,1961,BAL,A
aaronha01,1961,MIL,N
altmage01,1961,CHI,N
baileed01,1961,SF,N
bankser01,1961,CHI,N
bollifr01,1961,MIL,N
boyerke01,1961,STL,N
burgesm01,1961,PIT,N
cepedor01,1961,SF,N
clemero01,1961,PIT,N
drysddo01,1961,LA,N
facero01,1961,PIT,N
jayjo01,1961,CIN,N
kaskoed01,1961,CIN,N
koufasa01,1961,LA,N
mahafar01,1961,PHI,N
matheed01,1961,MIL,N
mayswi01,1961,SF,N
mccormi03,1961,SF,N
millest01,1961,SF,N
musiast01,1961,STL,N
purkebo01,1961,CIN,N
robinfr02,1961,CIN,N
rosebjo01,1961,LA,N
spahnwa01,1961,MIL,N
stuardi01,1961,PIT,N
whitebi03,1961,STL,N
willsma01,1961,LA,N
zimmedo01,1961,CHI,N
aguirha01,1962,DET,A
aparilu01,1962,CHI,A
batteea01,1962,MIN,A
berrayo01,1962,NY,A
bunniji01,1962,DET,A
colavro01,1962,DET,A
donovdi01,1962,CLE,A
gentiji01,1962,BAL,A
herbera01,1962,CHI,A
howarel01,1962,NY,A
kaatji01,1962,MIN,A
kalinal01,1962,DET,A
landiji01,1962,CHI,A
mantlmi01,1962,NY,A
marisro01,1962,NY,A
mcbrike01,1962,LA,A
monbobi01,1962,BOS,A
moranbi02,1962,LA,A
pappami01,1962,BAL,A
pascuca02,1962,MIN,A
richabo01,1962,NY,A
robinbr01,1962,BAL,A
rolliri01,1962,MIN,A
romanjo01,1962,CLE,A
runnepe01,1962,BOS,A
siebeno01,1962,KC,A
stenhda01,1962,WAS,A
terryra01,1962,NY,A
thomale03,1962,LA,A
treshto01,1962,NY,A
wagnele01,1962,LA,A
wilheho01,1962,BAL,A
aaronha01,1962,MIL,N
aloufe01,1962,SF,N
altmage01,1962,CHI,N
ashburi01,1962,NY,N
bankser01,1962,CHI,N
bollifr01,1962,MIL,N
boyerke01,1962,STL,N
callijo01,1962,PHI,N
cepedor01,1962,SF,N
clemero01,1962,PIT,N
crandde01,1962,MIL,N
davenji01,1962,SF,N
davisto02,1962,LA,N
drysddo01,1962,LA,N
farretu01,1962,HOU,N
gibsobo01,1962,STL,N
groatdi01,1962,PIT,N
koufasa01,1962,LA,N
mahafar01,1962,PHI,N
maricju01,1962,SF,N
matheed01,1962,MIL,N
mayswi01,1962,SF,N
mazerbi01,1962,PIT,N
musiast01,1962,STL,N
podrejo01,1962,LA,N
purkebo01,1962,CIN,N
robinfr02,1962,CIN,N
rosebjo01,1962,LA,N
shawbo01,1962,MIL,N
spahnwa01,1962,MIL,N
willibi01,1962,CHI,N
willsma01,1962,LA,N
allisbo01,1963,MIN,A
aparilu01,1963,BAL,A
barbest01,1963,BAL,A
batteea01,1963,MIN,A
boutoji01,1963,NY,A
bunniji01,1963,DET,A
foxne01,1963,CHI,A
grantmu01,1963,CLE,A
howarel01,1963,NY,A
kalinal01,1963,DET,A
killeha01,1963,MIN,A
leppedo02,1963,WAS,A
malzofr01,1963,BOS,A
mantlmi01,1963,NY,A
mcbrike01,1963,LA,A
monbobi01,1963,BOS,A
pearsal02,1963,LA,A
pepitjo01,1963,NY,A
pizarju01,1963,CHI,A
radatdi01,1963,BOS,A
richabo01,1963,NY,A
robinbr01,1963,BAL,A
siebeno01,1963,KC,A
treshto01,1963,NY,A
versazo01,1963,MIN,A
wagnele01,1963,LA,A
yastrca01,1963,BOS,A
aaronha01,1963,MIL,N
baileed01,1963,SF,N
boyerke01,1963,STL,N
cepedor01,1963,SF,N
clemero01,1963,PIT,N
culpra01,1963,PHI,N
davisto02,1963,LA,N
drysddo01,1963,LA,N
edwarjo01,1963,CIN,N
groatdi01,1963,STL,N
jacksla01,1963,CHI,N
javieju01,1963,STL,N
koufasa01,1963,LA,N
maricju01,1963,SF,N
mayswi01,1963,SF,N
mazerbi01,1963,PIT,N
mccovwi01,1963,SF,N
musiast01,1963,STL,N
o'tooji01,1963,CIN,N
santoro01,1963,CHI,N
snidedu01,1963,NY,N
spahnwa01,1963,MIL,N
torrejo01,1963,MIL,N
whitebi03,1963,STL,N
willsma01,1963,LA,N
woodeha01,1963,HOU,N
allisbo01,1964,MIN,A
aparilu01,1964,BAL,A
bressed01,1964,BOS,A
chancde01,1964,LA,A
colavro01,1964,KC,A
fordwh01,1964,NY,A
freehbi01,1964,DET,A
fregoji01,1964,LA,A
hallji02,1964,MIN,A
hintoch01,1964,WAS,A
howarel01,1964,NY,A
kalinal01,1964,DET,A
killeha01,1964,MIN,A
kralija01,1964,CLE,A
lumpeje01,1964,DET,A
malzofr01,1964,BOS,A
mantlmi01,1964,NY,A
olivato01,1964,MIN,A
pascuca02,1964,MIN,A
pepitjo01,1964,NY,A
peterga01,1964,CHI,A
pizarju01,1964,CHI,A
radatdi01,1964,BOS,A
richabo01,1964,NY,A
robinbr01,1964,BAL,A
siebeno01,1964,BAL,A
wyattjo02,1964,KC,A
aaronha01,1964,MIL,N
boyerke01,1964,STL,N
bunniji01,1964,PHI,N
burgesm01,1964,PIT,N
callijo01,1964,PHI,N
cardele01,1964,CIN,N
cepedor01,1964,SF,N
clemero01,1964,PIT,N
drysddo01,1964,LA,N
edwarjo01,1964,CIN,N
ellswdi01,1964,CHI,N
farretu01,1964,HOU,N
floodcu01,1964,STL,N
groatdi01,1964,STL,N
huntro01,1964,NY,N
koufasa01,1964,LA,N
maricju01,1964,SF,N
mayswi01,1964,SF,N
mazerbi01,1964,PIT,N
santoro01,1964,CHI,N
shortch02,1964,PHI,N
stargwi01,1964,PIT,N
torrejo01,1964,MIL,N
whitebi03,1964,STL,N
willibi01,1964,CHI,N
alvisma01,1965,CLE,A
batteea01,1965,MIN,A
colavro01,1965,CLE,A
davalvi01,1965,CLE,A
fisheed02,1965,CHI,A
freehbi01,1965,DET,A
grantmu01,1965,MIN,A
hallji02,1965,MIN,A
hortowi01,1965,DET,A
howarel01,1965,NY,A
kalinal01,1965,DET,A
killeha01,1965,MIN,A
leebo01,1965,CAL,A
mantife01,1965,BOS,A
mantlmi01,1965,NY,A
mcauldi01,1965,DET,A
mcdowsa01,1965,CLE,A
o'donjo02,1965,KC,A
olivato01,1965,MIN,A
pappami01,1965,BAL,A
pepitjo01,1965,NY,A
richabo01,1965,NY,A
richepe01,1965,WAS,A
robinbr01,1965,BAL,A
skowrbi01,1965,CHI,A
stottme01,1965,NY,A
versazo01,1965,MIN,A
yastrca01,1965,BOS,A
aaronha01,1965,MIL,N
allendi01,1965,PHI,N
bankser01,1965,CHI,N
callijo01,1965,PHI,N
cardele01,1965,CIN,N
clemero01,1965,PIT,N
drysddo01,1965,LA,N
edwarjo01,1965,CIN,N
ellissa01,1965,CIN,N
farretu01,1965,HOU,N
gibsobo01,1965,STL,N
koufasa01,1965,LA,N
kraneed01,1965,NY,N
malonji01,1965,CIN,N
maricju01,1965,SF,N
mayswi01,1965,SF,N
robinfr02,1965,CIN,N
rojasco01,1965,PHI,N
rosepe01,1965,CIN,N
santoro01,1965,CHI,N
stargwi01,1965,PIT,N
torrejo01,1965,MIL,N
vealebo01,1965,PIT,N
willibi01,1965,CHI,N
willsma01,1965,LA,N
ageeto01,1966,CHI,A
barbest01,1966,BAL,A
batteea01,1966,MIN,A
bellge02,1966,CLE,A
cashno01,1966,DET,A
colavro01,1966,CLE,A
etchean01,1966,BAL,A
freehbi01,1966,DET,A
fregoji01,1966,CAL,A
hunteca01,1966,KC,A
kaatji01,1966,MIN,A
kalinal01,1966,DET,A
killeha01,1966,MIN,A
knoopbo01,1966,CAL,A
mcauldi01,1966,DET,A
mcdowsa01,1966,CLE,A
mclaide01,1966,DET,A
olivato01,1966,MIN,A
richabo01,1966,NY,A
richepe01,1966,WAS,A
robinbr01,1966,BAL,A
robinfr02,1966,BAL,A
scottge02,1966,BOS,A
siebeso01,1966,CLE,A
stottme01,1966,NY,A
yastrca01,1966,BOS,A
aaronha01,1966,ATL,N
allendi01,1966,PHI,N
aloufe01,1966,ATL,N
bunniji01,1966,PHI,N
cardele01,1966,CIN,N
clemero01,1966,PIT,N
floodcu01,1966,STL,N
gibsobo01,1966,STL,N
halleto01,1966,SF,N
hartji01,1966,SF,N
huntro01,1966,NY,N
koufasa01,1966,LA,N
lefebji01,1966,LA,N
maricju01,1966,SF,N
mayswi01,1966,SF,N
mccarti01,1966,STL,N
mccoobi01,1966,CIN,N
mccovwi01,1966,SF,N
morgajo02,1966,HOU,N
perryga01,1966,SF,N
raymocl01,1966,HOU,N
reganph01,1966,LA,N
santoro01,1966,CHI,N
stargwi01,1966,PIT,N
torrejo01,1966,ATL,N
vealebo01,1966,PIT,N
willsma01,1966,LA,N
ageeto01,1967,CHI,A
alvisma01,1967,CLE,A
berryke01,1967,CHI,A
carewro01,1967,MIN,A
casanpa01,1967,WAS,A
chancde01,1967,MIN,A
conigto01,1967,BOS,A
downial01,1967,NY,A
etchean01,1967,BAL,A
freehbi01,1967,DET,A
fregoji01,1967,CAL,A
hargast01,1967,CLE,A
horlejo01,1967,CHI,A
hunteca01,1967,KC,A
kalinal01,1967,DET,A
killeha01,1967,MIN,A
lonboji01,1967,BOS,A
mantlmi01,1967,NY,A
mcauldi01,1967,DET,A
mcgloji01,1967,CAL,A
minchdo01,1967,CAL,A
olivato01,1967,MIN,A
peterga01,1967,CHI,A
petrori01,1967,BOS,A
robinbr01,1967,BAL,A
robinfr02,1967,BAL,A
yastrca01,1967,BOS,A
aaronha01,1967,ATL,N
allendi01,1967,PHI,N
alleyge01,1967,PIT,N
bankser01,1967,CHI,N
brocklo01,1967,STL,N
cepedor01,1967,STL,N
clemero01,1967,PIT,N
cuellmi01,1967,HOU,N
drysddo01,1967,LA,N
gibsobo01,1967,STL,N
halleto01,1967,SF,N
helmsto01,1967,CIN,N
jenkife01,1967,CHI,N
lemasde01,1967,ATL,N
maricju01,1967,SF,N
mayswi01,1967,SF,N
mazerbi01,1967,PIT,N
mccarti01,1967,STL,N
osteecl01,1967,LA,N
perezto01,1967,CIN,N
rosepe01,1967,CIN,N
seaveto01,1967,NY,N
shortch02,1967,PHI,N
staubru01,1967,HOU,N
torrejo01,1967,ATL,N
wynnji01,1967,HOU,N
azcuejo01,1968,CLE,A
bellge02,1968,BOS,A
campabe01,1968,OAK,A
carewro01,1968,MIN,A
freehbi01,1968,DET,A
fregoji01,1968,CAL,A
harreke01,1968,BOS,A
hortowi01,1968,DET,A
howarfr01,1968,WAS,A
johnsda02,1968,BAL,A
johnto01,1968,CHI,A
josepdu01,1968,CHI,A
killeha01,1968,MIN,A
mantlmi01,1968,NY,A
mcdowsa01,1968,CLE,A
mclaide01,1968,DET,A
mondari01,1968,OAK,A
odombl01,1968,OAK,A
olivato01,1968,MIN,A
powelbo01,1968,BAL,A
robinbr01,1968,BAL,A
santijo02,1968,BOS,A
stottme01,1968,NY,A
tiantlu01,1968,CLE,A
wertdo01,1968,DET,A
yastrca01,1968,BOS,A
aaronha01,1968,ATL,N
alleyge01,1968,PIT,N
aloufe01,1968,ATL,N
alouma01,1968,PIT,N
benchjo01,1968,CIN,N
cardele01,1968,CIN,N
carltst01,1968,STL,N
drysddo01,1968,LA,N
floodcu01,1968,STL,N
frymawo01,1968,PHI,N
gibsobo01,1968,STL,N
groteje01,1968,NY,N
halleto01,1968,LA,N
helmsto01,1968,CIN,N
javieju01,1968,STL,N
kessido01,1968,CHI,N
koosmje01,1968,NY,N
maricju01,1968,SF,N
mayswi01,1968,SF,N
mccovwi01,1968,SF,N
perezto01,1968,CIN,N
reedro01,1968,ATL,N
rosepe01,1968,CIN,N
santoro01,1968,CHI,N
seaveto01,1968,NY,N
staubru01,1968,HOU,N
willibi01,1968,CHI,N
andremi01,1969,BOS,A
bandosa01,1969,OAK,A
blairpa01,1969,BAL,A
carewro01,1969,MIN,A
culpra01,1969,BOS,A
freehbi01,1969,DET,A
fregoji01,1969,CAL,A
heganmi01,1969,SEA,A
howarfr01,1969,WAS,A
jacksre01,1969,OAK,A
johnsda02,1969,BAL,A
killeha01,1969,MIN,A
knowlda01,1969,WAS,A
lolicmi01,1969,DET,A
mayca01,1969,CHI,A
mcdowsa01,1969,CLE,A
mclaide01,1969,DET,A
mcnalda01,1969,BAL,A
minchdo01,1969,SEA,A
odombl01,1969,OAK,A
olivato01,1969,MIN,A
petrori01,1969,BOS,A
powelbo01,1969,BAL,A
robinbr01,1969,BAL,A
robinfr02,1969,BAL,A
rodriel01,1969,KC,A
rosebjo01,1969,MIN,A
smithre06,1969,BOS,A
stottme01,1969,NY,A
whitero01,1969,NY,A
yastrca01,1969,BOS,A
aaronha01,1969,ATL,N
alouma01,1969,PIT,N
bankser01,1969,CHI,N
beckegl01,1969,CHI,N
benchjo01,1969,CIN,N
cannich01,1969,SD,N
carltst01,1969,STL,N
clemero01,1969,PIT,N
dierkla01,1969,HOU,N
gibsobo01,1969,STL,N
hundlra01,1969,CHI,N
jacksgr01,1969,PHI,N
jonescl01,1969,NY,N
kessido01,1969,CHI,N
koosmje01,1969,NY,N
maricju01,1969,SF,N
mayle01,1969,CIN,N
mayswi01,1969,SF,N
mccovwi01,1969,SF,N
menkede01,1969,HOU,N
millafe01,1969,ATL,N
niekrph01,1969,ATL,N
perezto01,1969,CIN,N
rosepe01,1969,CIN,N
santoro01,1969,CHI,N
seaveto01,1969,NY,N
singebi01,1969,LA,N
staubru01,1969,MON,N
alomasa01,1970,CAL,A
aparilu01,1970,CHI,A
carewro01,1970,MIN,A
cuellmi01,1970,BAL,A
fossera01,1970,CLE,A
freehbi01,1970,DET,A
fregoji01,1970,CAL,A
harpeto01,1970,MIL,A
hortowi01,1970,DET,A
howarfr01,1970,WAS,A
hunteca01,1970,OAK,A
johnsal01,1970,CAL,A
johnsda02,1970,BAL,A
killeha01,1970,MIN,A
mcdowsa01,1970,CLE,A
mcnalda01,1970,BAL,A
mosesje01,1970,BOS,A
olivato01,1970,MIN,A
otisam01,1970,KC,A
palmeji01,1970,BAL,A
perryji01,1970,MIN,A
peterfr01,1970,NY,A
powelbo01,1970,BAL,A
robinbr01,1970,BAL,A
robinfr02,1970,BAL,A
stottme01,1970,NY,A
whitero01,1970,NY,A
wrighcl01,1970,CAL,A
yastrca01,1970,BOS,A
aaronha01,1970,ATL,N
allendi01,1970,STL,N
beckegl01,1970,CHI,N
benchjo01,1970,CIN,N
cartyri01,1970,ATL,N
clemero01,1970,PIT,N
dietzdi01,1970,SF,N
gastoci01,1970,SD,N
gibsobo01,1970,STL,N
grababi01,1970,LA,N
harrebu01,1970,NY,N
hickmji02,1970,CHI,N
hoernjo01,1970,PHI,N
kessido01,1970,CHI,N
mayswi01,1970,SF,N
mccovwi01,1970,SF,N
menkede01,1970,HOU,N
merriji01,1970,CIN,N
millafe01,1970,ATL,N
morgajo02,1970,HOU,N
osteecl01,1970,LA,N
perezto01,1970,CIN,N
perryga01,1970,SF,N
rosepe01,1970,CIN,N
seaveto01,1970,NY,N
simpswa01,1970,CIN,N
staubru01,1970,MON,N
torrejo01,1970,STL,N
wilheho01,1970,ATL,N
aparilu01,1971,BOS,A
bluevi01,1971,OAK,A
bufordo01,1971,BAL,A
cardele01,1971,MIN,A
carewro01,1971,MIN,A
cashno01,1971,DET,A
cuellmi01,1971,BAL,A
duncada01,1971,OAK,A
fossera01,1971,CLE,A
freehbi01,1971,DET,A
howarfr01,1971,WAS,A
jacksre01,1971,OAK,A
kalinal01,1971,DET,A
killeha01,1971,MIN,A
lolicmi01,1971,DET,A
mcdowsa01,1971,CLE,A
meltobi01,1971,CHI,A
messean01,1971,CAL,A
munsoth01,1971,NY,A
murcebo01,1971,NY,A
olivato01,1971,MIN,A
otisam01,1971,KC,A
palmeji01,1971,BAL,A
pattima01,1971,MIL,A
perryji01,1971,MIN,A
powelbo01,1971,BAL,A
robinbr01,1971,BAL,A
robinfr02,1971,BAL,A
rojasco01,1971,KC,A
siebeso01,1971,BOS,A
woodwi01,1971,CHI,A
yastrca01,1971,BOS,A
aaronha01,1971,ATL,N
beckegl01,1971,CHI,N
benchjo01,1971,CIN,N
bondsbo01,1971,SF,N
brocklo01,1971,STL,N
carltst01,1971,STL,N
carrocl02,1971,CIN,N
clemero01,1971,PIT,N
colbena01,1971,SD,N
daviswi02,1971,LA,N
dierkla01,1971,HOU,N
ellisdo01,1971,PIT,N
harrebu01,1971,NY,N
jenkife01,1971,CHI,N
kessido01,1971,CHI,N
maricju01,1971,SF,N
mayle01,1971,CIN,N
mayswi01,1971,SF,N
mccovwi01,1971,SF,N
millafe01,1971,ATL,N
rosepe01,1971,CIN,N
sanguma01,1971,PIT,N
santoro01,1971,CHI,N
seaveto01,1971,NY,N
stargwi01,1971,PIT,N
staubru01,1971,MON,N
torrejo01,1971,STL,N
wilsodo01,1971,HOU,N
wiseri01,1971,PHI,N
allendi01,1972,CHI,A
aparilu01,1972,BOS,A
bandosa01,1972,OAK,A
campabe01,1972,OAK,A
carewro01,1972,MIN,A
cashno01,1972,DET,A
colemjo05,1972,DET,A
dobsopa01,1972,BAL,A
fiskca01,1972,BOS,A
freehbi01,1972,DET,A
grichbo01,1972,BAL,A
harrato01,1972,TEX,A
holtzke01,1972,OAK,A
hunteca01,1972,OAK,A
jacksre01,1972,OAK,A
lolicmi01,1972,DET,A
mayca01,1972,CHI,A
mcnalda01,1972,BAL,A
murcebo01,1972,NY,A
otisam01,1972,KC,A
palmeji01,1972,BAL,A
patekfr01,1972,KC,A
perryga01,1972,CLE,A
pinielo01,1972,KC,A
robinbr01,1972,BAL,A
rodriel01,1972,MIL,A
rojasco01,1972,KC,A
rudijo01,1972,OAK,A
ryanno01,1972,CAL,A
scheiri01,1972,KC,A
smithre06,1972,BOS,A
woodwi01,1972,CHI,A
yastrca01,1972,BOS,A
aaronha01,1972,ATL,N
beckegl01,1972,CHI,N
benchjo01,1972,CIN,N
blassst01,1972,PIT,N
brocklo01,1972,STL,N
carltst01,1972,PHI,N
carrocl02,1972,CIN,N
cedence01,1972,HOU,N
clemero01,1972,PIT,N
colbena01,1972,SD,N
gibsobo01,1972,STL,N
jenkife01,1972,CHI,N
kessido01,1972,CHI,N
mayle01,1972,HOU,N
mayswi01,1972,NY,N
mcgratu01,1972,NY,N
morgajo02,1972,CIN,N
nolanga01,1972,CIN,N
oliveal01,1972,PIT,N
sanguma01,1972,PIT,N
santoro01,1972,CHI,N
seaveto01,1972,NY,N
simmote01,1972,STL,N
speiech01,1972,SF,N
stargwi01,1972,PIT,N
stonebi01,1972,MON,N
suttodo01,1972,LA,N
torrejo01,1972,STL,N
willibi01,1972,CHI,N
allendi01,1973,CHI,A
bandosa01,1973,OAK,A
bellbu01,1973,CLE,A
blairpa01,1973,BAL,A
blylebe01,1973,MIN,A
brinked01,1973,DET,A
campabe01,1973,OAK,A
carewro01,1973,MIN,A
colboji01,1973,MIL,A
fingero01,1973,OAK,A
fiskca01,1973,BOS,A
freehbi01,1973,DET,A
holtzke01,1973,OAK,A
hortowi01,1973,DET,A
hunteca01,1973,OAK,A
jacksre01,1973,OAK,A
kellypa01,1973,CHI,A
leebi03,1973,BOS,A
lylesp01,1973,NY,A
maybejo01,1973,KC,A
mayda01,1973,MIL,A
munsoth01,1973,NY,A
murcebo01,1973,NY,A
nelsoda01,1973,TEX,A
otisam01,1973,KC,A
robinbr01,1973,BAL,A
rojasco01,1973,KC,A
ryanno01,1973,CAL,A
singebi01,1973,CAL,A
spencji01,1973,TEX,A
yastrca01,1973,BOS,A
aaronha01,1973,ATL,N
benchjo01,1973,CIN,N
billija01,1973,CIN,N
bondsbo01,1973,SF,N
breweji01,1973,LA,N
cedence01,1973,HOU,N
colbena01,1973,SD,N
conceda01,1973,CIN,N
daviswi02,1973,LA,N
evansda01,1973,ATL,N
fairlro01,1973,MON,N
giustda01,1973,PIT,N
johnsda02,1973,ATL,N
mayswi01,1973,NY,N
morgajo02,1973,CIN,N
motama01,1973,LA,N
osteecl01,1973,LA,N
rosepe01,1973,CIN,N
russebi01,1973,LA,N
santoro01,1973,CHI,N
seaveto01,1973,NY,N
simmote01,1973,STL,N
speiech01,1973,SF,N
stargwi01,1973,PIT,N
suttodo01,1973,LA,N
torrejo01,1973,STL,N
twitcwa01,1973,PHI,N
watsobo01,1973,HOU,N
willibi01,1973,CHI,N
wiseri01,1973,STL,N
allendi01,1974,CHI,A
bandosa01,1974,OAK,A
burroje01,1974,TEX,A
busbyst01,1974,KC,A
campabe01,1974,OAK,A
carewro01,1974,MIN,A
chalkda01,1974,CAL,A
cuellmi01,1974,BAL,A
fingero01,1974,OAK,A
fiskca01,1974,BOS,A
grichbo01,1974,BAL,A
hendrge01,1974,CLE,A
herrmed01,1974,CHI,A
hillejo01,1974,DET,A
hunteca01,1974,OAK,A
jacksre01,1974,OAK,A
kalinal01,1974,DET,A
maybejo01,1974,KC,A
moneydo01,1974,MIL,A
munsoth01,1974,NY,A
murcebo01,1974,NY,A
perryga01,1974,CLE,A
porteda02,1974,MIL,A
robinbr01,1974,BAL,A
robinfr02,1974,CAL,A
rojasco01,1974,KC,A
rudijo01,1974,OAK,A
sundbji01,1974,TEX,A
tiantlu01,1974,BOS,A
woodwi01,1974,CHI,A
yastrca01,1974,BOS,A
aaronha01,1974,ATL,N
benchjo01,1974,CIN,N
bowala01,1974,PHI,N
brettke01,1974,PIT,N
brocklo01,1974,STL,N
caprabu01,1974,ATL,N
carltst01,1974,PHI,N
cashda01,1974,PHI,N
cedence01,1974,HOU,N
ceyro01,1974,LA,N
garrra01,1974,ATL,N
garvest01,1974,LA,N
groteje01,1974,NY,N
grubbjo01,1974,SD,N
kessido01,1974,CHI,N
marshmi01,1974,LA,N
matlajo01,1974,NY,N
mcgloly01,1974,STL,N
messean01,1974,LA,N
morgajo02,1974,CIN,N
perezto01,1974,CIN,N
rogerst01,1974,MON,N
rosepe01,1974,CIN,N
schmimi01,1974,PHI,N
simmote01,1974,STL,N
smithre06,1974,STL,N
speiech01,1974,SF,N
wynnji01,1974,LA,N
aaronha01,1975,MIL,A
bluevi01,1975,OAK,A
bondsbo01,1975,NY,A
busbyst01,1975,KC,A
campabe01,1975,OAK,A
carewro01,1975,MIN,A
chalkda01,1975,CAL,A
dentbu01,1975,CHI,A
fingero01,1975,OAK,A
freehbi01,1975,DET,A
gossari01,1975,CHI,A
hargrmi01,1975,TEX,A
harrato01,1975,TEX,A
hendrge01,1975,CLE,A
hunteca01,1975,NY,A
jacksre01,1975,OAK,A
kaatji01,1975,CHI,A
lynnfr01,1975,BOS,A
mcraeha01,1975,KC,A
munsoth01,1975,NY,A
nettlgr01,1975,NY,A
ortajo01,1975,CHI,A
palmeji01,1975,BAL,A
rudijo01,1975,OAK,A
ryanno01,1975,CAL,A
scottge02,1975,MIL,A
tenacge01,1975,OAK,A
washicl01,1975,OAK,A
yastrca01,1975,BOS,A
benchjo01,1975,CIN,N
bowala01,1975,PHI,N
brocklo01,1975,STL,N
cartega01,1975,MON,N
cashda01,1975,PHI,N
ceyro01,1975,LA,N
conceda01,1975,CIN,N
garvest01,1975,LA,N
jonesra01,1975,SD,N
luzingr01,1975,PHI,N
madlobi01,1975,CHI,N
marshmi01,1975,LA,N
matlajo01,1975,NY,N
mcgratu01,1975,PHI,N
messean01,1975,LA,N
morgajo02,1975,CIN,N
murcebo01,1975,SF,N
niekrph01,1975,ATL,N
oliveal01,1975,PIT,N
perezto01,1975,CIN,N
reussje01,1975,PIT,N
rosepe01,1975,CIN,N
sanguma01,1975,PIT,N
seaveto01,1975,NY,N
smithre06,1975,STL,N
suttodo01,1975,LA,N
watsobo01,1975,HOU,N
wynnji01,1975,LA,N
belanma01,1976,BAL,A
brettge01,1976,KC,A
carewro01,1976,MIN,A
chambch01,1976,NY,A
fidryma01,1976,DET,A
fingero01,1976,OAK,A
fiskca01,1976,BOS,A
garneph01,1976,OAK,A
gossari01,1976,CHI,A
grichbo01,1976,BAL,A
harrato01,1976,TEX,A
hunteca01,1976,NY,A
larocda01,1976,CLE,A
lefloro01,1976,DET,A
lylesp01,1976,NY,A
lynnfr01,1976,BOS,A
mcraeha01,1976,KC,A
moneydo01,1976,MIL,A
munsoth01,1976,NY,A
otisam01,1976,KC,A
patekfr01,1976,KC,A
randowi01,1976,NY,A
rivermi01,1976,NY,A
staubru01,1976,DET,A
tananfr01,1976,CAL,A
tiantlu01,1976,BOS,A
travebi01,1976,MIL,A
wynegbu01,1976,MIN,A
yastrca01,1976,BOS,A
benchjo01,1976,CIN,N
boonebo01,1976,PHI,N
bowala01,1976,PHI,N
cashda01,1976,PHI,N
cedence01,1976,HOU,N
ceyro01,1976,LA,N
conceda01,1976,CIN,N
forscke01,1976,HOU,N
fostege01,1976,CIN,N
frymawo01,1976,MON,N
garvest01,1976,LA,N
griffke01,1976,CIN,N
jonesra01,1976,SD,N
kingmda01,1976,NY,N
luzingr01,1976,PHI,N
matlajo01,1976,NY,N
mcbriba01,1976,STL,N
messean01,1976,ATL,N
montejo01,1976,SF,N
morgajo02,1976,CIN,N
oliveal01,1976,PIT,N
perezto01,1976,CIN,N
rhoderi01,1976,LA,N
rosepe01,1976,CIN,N
russebi01,1976,LA,N
ruthvdi01,1976,ATL,N
schmimi01,1976,PHI,N
seaveto01,1976,NY,N
swishst01,1976,CHI,N
bluevi01,1977,OAK,A
brettge01,1977,KC,A
burleri01,1977,BOS,A
campabe01,1977,TEX,A
campbbi02,1977,BOS,A
carewro01,1977,MIN,A
eckerde01,1977,CLE,A
fairlro01,1977,TOR,A
fidryma01,1977,DET,A
fiskca01,1977,BOS,A
grosswa01,1977,OAK,A
hislela01,1977,MIN,A
jacksre01,1977,NY,A
jonesru01,1977,SEA,A
kernji01,1977,CLE,A
larocda01,1977,CAL,A
lylesp01,1977,NY,A
lynnfr01,1977,BOS,A
moneydo01,1977,MIL,A
munsoth01,1977,NY,A
nettlgr01,1977,NY,A
palmeji01,1977,BAL,A
randowi01,1977,NY,A
riceji01,1977,BOS,A
ryanno01,1977,CAL,A
scottge02,1977,BOS,A
singlke01,1977,BAL,A
slatoji01,1977,MIL,A
tananfr01,1977,CAL,A
thompja01,1977,DET,A
wynegbu01,1977,MIN,A
yastrca01,1977,BOS,A
ziskri01,1977,CHI,A
andujjo01,1977,HOU,N
benchjo01,1977,CIN,N
candejo01,1977,PIT,N
carltst01,1977,PHI,N
ceyro01,1977,LA,N
conceda01,1977,CIN,N
fostege01,1977,CIN,N
garvest01,1977,LA,N
gossari01,1977,PIT,N
griffke01,1977,CIN,N
lavelga01,1977,SF,N
luzingr01,1977,PHI,N
montawi01,1977,ATL,N
moralje01,1977,CHI,N
morgajo02,1977,CIN,N
parkeda01,1977,PIT,N
reuscri01,1977,CHI,N
rosepe01,1977,CIN,N
schmimi01,1977,PHI,N
seaveto01,1977,CIN,N
simmote01,1977,STL,N
smithre06,1977,LA,N
stearjo01,1977,NY,N
suttebr01,1977,CHI,N
suttodo01,1977,LA,N
templga01,1977,STL,N
trillma01,1977,CHI,N
valenel01,1977,MON,N
winfida01,1977,SD,N
brettge01,1978,KC,A
burleri01,1978,BOS,A
carewro01,1978,MIN,A
evansdw01,1978,BOS,A
fiskca01,1978,BOS,A
flanami01,1978,BAL,A
gossari01,1978,NY,A
guidrro01,1978,NY,A
hislela01,1978,MIL,A
howelro02,1978,TOR,A
jacksre01,1978,NY,A
keougma02,1978,OAK,A
kernji01,1978,CLE,A
lemonch01,1978,CHI,A
lynnfr01,1978,BOS,A
moneydo01,1978,MIL,A
munsoth01,1978,NY,A
murraed02,1978,BAL,A
nettlgr01,1978,NY,A
palmeji01,1978,BAL,A
patekfr01,1978,KC,A
porteda02,1978,KC,A
remyje01,1978,BOS,A
reynocr01,1978,SEA,A
riceji01,1978,BOS,A
sorenla01,1978,MIL,A
sundbji01,1978,TEX,A
tananfr01,1978,CAL,A
thompja01,1978,DET,A
whitefr01,1978,KC,A
yastrca01,1978,BOS,A
ziskri01,1978,TEX,A
benchjo01,1978,CIN,N
bluevi01,1978,SF,N
boonebo01,1978,PHI,N
bowala01,1978,PHI,N
burroje01,1978,ATL,N
ceyro01,1978,LA,N
clarkja01,1978,SF,N
conceda01,1978,CIN,N
fingero01,1978,SD,N
fostege01,1978,CIN,N
garvest01,1978,LA,N
grimsro02,1978,MON,N
johnto01,1978,LA,N
lopesda01,1978,LA,N
luzingr01,1978,PHI,N
mondari01,1978,LA,N
morgajo02,1978,CIN,N
niekrph01,1978,ATL,N
pocorbi01,1978,ATL,N
puhlte01,1978,HOU,N
rogerst01,1978,MON,N
rosepe01,1978,CIN,N
seaveto01,1978,CIN,N
simmote01,1978,STL,N
smithre06,1978,LA,N
stargwi01,1978,PIT,N
suttebr01,1978,CHI,N
winfida01,1978,SD,N
zachrpa01,1978,NY,N
baylodo01,1979,CAL,A
bochtbr01,1979,SEA,A
brettge01,1979,KC,A
burleri01,1979,BOS,A
carewro01,1979,CAL,A
clearma01,1979,CAL,A
coopece01,1979,MIL,A
downibr01,1979,CAL,A
grichbo01,1979,CAL,A
guidrro01,1979,NY,A
jacksre01,1979,NY,A
johnto01,1979,NY,A
kempst01,1979,DET,A
kernji01,1979,TEX,A
lemanda01,1979,TOR,A
lemonch01,1979,CHI,A
lynnfr01,1979,BOS,A
mongesi01,1979,CLE,A
nettlgr01,1979,NY,A
newmaje01,1979,OAK,A
porteda02,1979,KC,A
riceji01,1979,BOS,A
ryanno01,1979,CAL,A
singlke01,1979,BAL,A
smallro02,1979,MIN,A
stanhdo01,1979,BAL,A
stanlbo01,1979,BOS,A
whitefr01,1979,KC,A
yastrca01,1979,BOS,A
andujjo01,1979,HOU,N
benchjo01,1979,CIN,N
boonebo01,1979,PHI,N
bowala01,1979,PHI,N
brocklo01,1979,STL,N
carltst01,1979,PHI,N
cartega01,1979,MON,N
ceyro01,1979,LA,N
clarkja01,1979,SF,N
conceda01,1979,CIN,N
fostege01,1979,CIN,N
garvest01,1979,LA,N
hernake01,1979,STL,N
kingmda01,1979,CHI,N
lacosmi01,1979,CIN,N
lopesda01,1979,LA,N
matthga01,1979,ATL,N
mazzile01,1979,NY,N
morgajo02,1979,CIN,N
niekrjo01,1979,HOU,N
parkeda01,1979,PIT,N
parrila01,1979,MON,N
perryga01,1979,SD,N
reynocr01,1979,HOU,N
rogerst01,1979,MON,N
rosepe01,1979,PHI,N
sambijo01,1979,HOU,N
schmimi01,1979,PHI,N
simmote01,1979,STL,N
stearjo01,1979,NY,N
suttebr01,1979,CHI,N
templga01,1979,STL,N
winfida01,1979,SD,N
bellbu01,1980,TEX,A
brettge01,1980,KC,A
bumbral01,1980,BAL,A
burgmto01,1980,BOS,A
carewro01,1980,CAL,A
coopece01,1980,MIL,A
dentbu01,1980,NY,A
farmeed01,1980,CHI,A
fiskca01,1980,BOS,A
gossari01,1980,NY,A
grichbo01,1980,CAL,A
gurala01,1980,KC,A
henderi01,1980,OAK,A
honeyri01,1980,SEA,A
jacksre01,1980,NY,A
johnto01,1980,NY,A
landrke01,1980,MIN,A
lynnfr01,1980,BOS,A
molitpa01,1980,MIL,A
nettlgr01,1980,NY,A
oglivbe01,1980,MIL,A
oliveal01,1980,TEX,A
ortajo01,1980,CLE,A
parrila02,1980,DET,A
porteda02,1980,KC,A
randowi01,1980,NY,A
riceji01,1980,BOS,A
stiebda01,1980,TOR,A
stonest01,1980,BAL,A
trammal01,1980,DET,A
yountro01,1980,MIL,A
benchjo01,1980,CIN,N
bibbyji01,1980,PIT,N
bluevi01,1980,SF,N
carltst01,1980,PHI,N
cartega01,1980,MON,N
conceda01,1980,CIN,N
cruzjo01,1980,HOU,N
garneph01,1980,PIT,N
garvest01,1980,LA,N
griffke01,1980,CIN,N
hendrge01,1980,STL,N
hernake01,1980,STL,N
kingmda01,1980,CHI,N
knighra01,1980,CIN,N
lopesda01,1980,LA,N
murphda05,1980,ATL,N
parkeda01,1980,PIT,N
reitzke01,1980,STL,N
reussje01,1980,LA,N
richaj.01,1980,HOU,N
rosepe01,1980,PHI,N
russebi01,1980,LA,N
schmimi01,1980,PHI,N
smithre06,1980,LA,N
stearjo01,1980,NY,N
suttebr01,1980,CHI,N
tekulke01,1980,PIT,N
welchbo01,1980,LA,N
whitsed01,1980,SF,N
winfida01,1980,SD,N
armasto01,1981,OAK,A
barkele01,1981,CLE,A
bellbu01,1981,TEX,A
brettge01,1981,KC,A
burleri01,1981,CAL,A
burnsbr01,1981,CHI,A
carewro01,1981,CAL,A
corbedo01,1981,MIN,A
davisro02,1981,NY,A
dentbu01,1981,NY,A
diazbo01,1981,CLE,A
evansdw01,1981,BOS,A
fingero01,1981,MIL,A
fiskca01,1981,CHI,A
forscke01,1981,CAL,A
gossari01,1981,NY,A
jacksre01,1981,NY,A
lynnfr01,1981,CAL,A
mcgresc01,1981,BAL,A
morrija02,1981,DET,A
murraed02,1981,BAL,A
norrimi01,1981,OAK,A
oliveal01,1981,TEX,A
pacioto01,1981,SEA,A
randowi01,1981,NY,A
simmote01,1981,MIL,A
singlke01,1981,BAL,A
stiebda01,1981,TOR,A
thomago01,1981,MIL,A
whitefr01,1981,KC,A
winfida01,1981,NY,A
bakerdu01,1981,LA,N
benedbr01,1981,ATL,N
bluevi01,1981,SF,N
bucknbi01,1981,CHI,N
carltst01,1981,PHI,N
cartega01,1981,MON,N
conceda01,1981,CIN,N
dawsoan01,1981,MON,N
easlemi01,1981,PIT,N
fostege01,1981,CIN,N
garneph01,1981,PIT,N
garvest01,1981,LA,N
guerrpe01,1981,LA,N
hootobu01,1981,LA,N
kennete02,1981,SD,N
kneppbo01,1981,HOU,N
lopesda01,1981,LA,N
madlobi01,1981,PIT,N
parkeda01,1981,PIT,N
raineti01,1981,MON,N
rosepe01,1981,PHI,N
ruthvdi01,1981,PHI,N
ryanno01,1981,HOU,N
schmimi01,1981,PHI,N
seaveto01,1981,CIN,N
smithoz01,1981,SD,N
suttebr01,1981,STL,N
trillma01,1981,PHI,N
valenfe01,1981,LA,N
youngjo02,1981,NY,N
bannifl01,1982,SEA,A
bellbu01,1982,TEX,A
brettge01,1982,KC,A
carewro01,1982,CAL,A
clancji01,1982,TOR,A
clearma01,1982,BOS,A
coopece01,1982,MIL,A
eckerde01,1982,BOS,A
fingero01,1982,MIL,A
fiskca01,1982,CHI,A
gossari01,1982,NY,A
grichbo01,1982,CAL,A
guidrro01,1982,NY,A
harrato01,1982,CLE,A
henderi01,1982,OAK,A
hrbekke01,1982,MIN,A
jacksre01,1982,CAL,A
lynnfr01,1982,CAL,A
mcraeha01,1982,KC,A
murraed02,1982,BAL,A
oglivbe01,1982,MIL,A
parrila02,1982,DET,A
quiseda01,1982,KC,A
thornan01,1982,CLE,A
whitefr01,1982,KC,A
wilsowi02,1982,KC,A
winfida01,1982,NY,A
yastrca01,1982,BOS,A
yountro01,1982,MIL,A
bakerdu01,1982,LA,N
carltst01,1982,PHI,N
cartega01,1982,MON,N
conceda01,1982,CIN,N
dawsoan01,1982,MON,N
durhale01,1982,CHI,N
hornebo01,1982,ATL,N
howest01,1982,LA,N
humeto01,1982,CIN,N
jonesru01,1982,SD,N
knighra01,1982,HOU,N
mintogr01,1982,SF,N
murphda05,1982,ATL,N
niekrph01,1982,ATL,N
oliveal01,1982,MON,N
penato01,1982,PIT,N
raineti01,1982,MON,N
rogerst01,1982,MON,N
rosepe01,1982,PHI,N
saxst01,1982,LA,N
schmimi01,1982,PHI,N
smithlo01,1982,STL,N
smithoz01,1982,STL,N
sotoma01,1982,CIN,N
stearjo01,1982,NY,N
thompja01,1982,PIT,N
trillma01,1982,PHI,N
valenfe01,1982,LA,N
boonebo01,1983,CAL,A
brettge01,1983,KC,A
carewro01,1983,CAL,A
coopece01,1983,MIL,A
decindo01,1983,CAL,A
guidrro01,1983,NY,A
henderi01,1983,OAK,A
honeyri01,1983,TEX,A
jacksre01,1983,CAL,A
kittlro01,1983,CHI,A
lopezau01,1983,DET,A
lynnfr01,1983,CAL,A
martiti01,1983,BAL,A
murraed02,1983,BAL,A
oglivbe01,1983,MIL,A
parrila02,1983,DET,A
quiseda01,1983,KC,A
riceji01,1983,BOS,A
ripkeca01,1983,BAL,A
simmote01,1983,MIL,A
stanlbo01,1983,BOS,A
stiebda01,1983,TOR,A
sutclri01,1983,CLE,A
trillma01,1983,CLE,A
wardga01,1983,MIN,A
whitalo01,1983,DET,A
wilsowi02,1983,KC,A
winfida01,1983,NY,A
yastrca01,1983,BOS,A
youngma01,1983,SEA,A
yountro01,1983,MIL,A
benchjo01,1983,CIN,N
benedbr01,1983,ATL,N
cartega01,1983,MON,N
dawlebi01,1983,HOU,N
dawsoan01,1983,MON,N
draveda01,1983,SD,N
durhale01,1983,CHI,N
evansda01,1983,SF,N
guerrpe01,1983,LA,N
hammaat01,1983,SF,N
hendrge01,1983,STL,N
hubbagl01,1983,ATL,N
kennete02,1983,SD,N
lavelga01,1983,SF,N
madlobi01,1983,PIT,N
mcgeewi01,1983,STL,N
murphda05,1983,ATL,N
oliveal01,1983,MON,N
oroscje01,1983,NY,N
perezpa01,1983,ATL,N
raineti01,1983,MON,N
rogerst01,1983,MON,N
saxst01,1983,LA,N
schmimi01,1983,PHI,N
smithle02,1983,CHI,N
smithoz01,1983,STL,N
sotoma01,1983,CIN,N
thondi01,1983,HOU,N
valenfe01,1983,LA,N
armasto01,1984,BOS,A
bellbu01,1984,TEX,A
boddimi01,1984,BAL,A
brettge01,1984,KC,A
carewro01,1984,CAL,A
caudibi01,1984,OAK,A
davisal01,1984,SEA,A
dotsori01,1984,CHI,A
engleda01,1984,MIN,A
garcida01,1984,TOR,A
griffal01,1984,TOR,A
henderi01,1984,OAK,A
hernawi01,1984,DET,A
jacksre01,1984,CAL,A
lemonch01,1984,DET,A
mattido01,1984,NY,A
morrija02,1984,DET,A
murraed02,1984,BAL,A
niekrph01,1984,NY,A
parrila02,1984,DET,A
quiseda01,1984,KC,A
riceji01,1984,BOS,A
ripkeca01,1984,BAL,A
stiebda01,1984,TOR,A
sundbji01,1984,MIL,A
thornan01,1984,CLE,A
trammal01,1984,DET,A
whitalo01,1984,DET,A
winfida01,1984,NY,A
andujjo01,1984,STL,N
brenlbo01,1984,SF,N
cartega01,1984,MON,N
davisch01,1984,SF,N
davisjo02,1984,CHI,N
garvest01,1984,SD,N
goodedw01,1984,NY,N
gossari01,1984,SD,N
gwynnto01,1984,SD,N
hernake01,1984,NY,N
hollaal01,1984,PHI,N
leach01,1984,MON,N
marshmi02,1984,LA,N
mumphje01,1984,HOU,N
murphda05,1984,ATL,N
oroscje01,1984,NY,N
penato01,1984,PIT,N
raineti01,1984,MON,N
ramirra01,1984,ATL,N
samueju01,1984,PHI,N
sandbry01,1984,CHI,N
schmimi01,1984,PHI,N
smithoz01,1984,STL,N
sotoma01,1984,CIN,N
strawda01,1984,NY,N
suttebr01,1984,STL,N
valenfe01,1984,LA,N
wallati01,1984,MON,N
washicl01,1984,ATL,N
baineha01,1985,CHI,A
blylebe01,1985,CLE,A
boggswa01,1985,BOS,A
bradlph01,1985,SEA,A
brettge01,1985,KC,A
brunato01,1985,MIN,A
coopece01,1985,MIL,A
fiskca01,1985,CHI,A
garcida01,1985,TOR,A
gedmari01,1985,BOS,A
henderi01,1985,NY,A
hernawi01,1985,DET,A
howelja01,1985,OAK,A
keyji01,1985,TOR,A
mattido01,1985,NY,A
molitpa01,1985,MIL,A
mooredo01,1985,CAL,A
morrija02,1985,DET,A
murraed02,1985,BAL,A
parrila02,1985,DET,A
petryda01,1985,DET,A
riceji01,1985,BOS,A
ripkeca01,1985,BAL,A
stiebda01,1985,TOR,A
trammal01,1985,DET,A
wardga01,1985,TEX,A
whitalo01,1985,DET,A
whitter01,1985,TOR,A
winfida01,1985,NY,A
andujjo01,1985,STL,N
cartega01,1985,NY,N
clarkja01,1985,STL,N
cruzjo01,1985,HOU,N
darliro01,1985,NY,N
garresc01,1985,SF,N
garvest01,1985,SD,N
goodedw01,1985,NY,N
gossari01,1985,SD,N
guerrpe01,1985,LA,N
gwynnto01,1985,SD,N
herrto01,1985,STL,N
hoytla01,1985,SD,N
kennete02,1985,SD,N
mcgeewi01,1985,STL,N
murphda05,1985,ATL,N
nettlgr01,1985,SD,N
parkeda01,1985,CIN,N
penato01,1985,PIT,N
raineti01,1985,MON,N
reardje01,1985,MON,N
rosepe01,1985,CIN,N
ryanno01,1985,HOU,N
sandbry01,1985,CHI,N
smithoz01,1985,STL,N
strawda01,1985,NY,N
templga01,1985,SD,N
valenfe01,1985,LA,N
virgioz02,1985,PHI,N
wallati01,1985,MON,N
wilsogl01,1985,PHI,N
aasedo01,1986,BAL,A
baineha01,1986,CHI,A
barfije01,1986,TOR,A
boggswa01,1986,BOS,A
brettge01,1986,KC,A
cansejo01,1986,OAK,A
clemero02,1986,BOS,A
fernato01,1986,TOR,A
gedmari01,1986,BOS,A
henderi01,1986,NY,A
hernawi01,1986,DET,A
higuete01,1986,MIL,A
houghch01,1986,TEX,A
jacobbr01,1986,CLE,A
joynewa01,1986,CAL,A
mattido01,1986,NY,A
mosebll01,1986,TOR,A
murraed02,1986,BAL,A
parrila02,1986,DET,A
preslji01,1986,SEA,A
puckeki01,1986,MIN,A
riceji01,1986,BOS,A
righeda01,1986,NY,A
ripkeca01,1986,BAL,A
schroke01,1986,CLE,A
whitalo01,1986,DET,A
whitefr01,1986,KC,A
winfida01,1986,NY,A
wittmi01,1986,CAL,A
basske01,1986,HOU,N
brookhu01,1986,MON,N
brownch02,1986,SF,N
cartega01,1986,NY,N
davisch01,1986,SF,N
davisgl01,1986,HOU,N
davisjo02,1986,CHI,N
fernasi01,1986,NY,N
francjo01,1986,CIN,N
goodedw01,1986,NY,N
gwynnto01,1986,SD,N
hernake01,1986,NY,N
krukomi01,1986,SF,N
murphda05,1986,ATL,N
parkeda01,1986,CIN,N
penato01,1986,PIT,N
raineti01,1986,MON,N
rawlesh01,1986,PHI,N
reardje01,1986,MON,N
rhoderi01,1986,PIT,N
sandbry01,1986,CHI,N
saxst01,1986,LA,N
schmimi01,1986,PHI,N
scottmi03,1986,HOU,N
smithda02,1986,HOU,N
smithoz01,1986,STL,N
strawda01,1986,NY,N
valenfe01,1986,LA,N
baineha01,1987,CHI,A
bellge01,1987,TOR,A
boggswa01,1987,BOS,A
evansdw01,1987,BOS,A
fernato01,1987,TOR,A
henderi01,1987,NY,A
henketo01,1987,TOR,A
howelja01,1987,OAK,A
hurstbr01,1987,BOS,A
kennete02,1987,BAL,A
langsma01,1987,SEA,A
mattido01,1987,NY,A
mcgwima01,1987,OAK,A
morrija02,1987,DET,A
nokesma01,1987,DET,A
parrila01,1987,TEX,A
plesada01,1987,MIL,A
puckeki01,1987,MIN,A
randowi01,1987,NY,A
reynoha01,1987,SEA,A
righeda01,1987,NY,A
ripkeca01,1987,BAL,A
saberbr01,1987,KC,A
seitzke01,1987,KC,A
tablepa01,1987,CLE,A
trammal01,1987,DET,A
whitalo01,1987,DET,A
winfida01,1987,NY,A
wittmi01,1987,CAL,A
bedrost01,1987,PHI,N
brookhu01,1987,MON,N
cartega01,1987,NY,N
clarkja01,1987,STL,N
daviser01,1987,CIN,N
dawsoan01,1987,CHI,N
diazbo01,1987,CIN,N
fernasi01,1987,NY,N
francjo01,1987,CIN,N
guerrpe01,1987,LA,N
gwynnto01,1987,SD,N
hernake01,1987,NY,N
hershor01,1987,LA,N
leonaje01,1987,SF,N
mcgeewi01,1987,STL,N
murphda05,1987,ATL,N
raineti01,1987,MON,N
reuscri01,1987,PIT,N
samueju01,1987,PHI,N
sandbry01,1987,CHI,N
schmimi01,1987,PHI,N
scottmi03,1987,HOU,N
smithle02,1987,CHI,N
smithoz01,1987,STL,N
strawda01,1987,NY,N
sutclri01,1987,CHI,N
virgioz02,1987,ATL,N
wallati01,1987,MON,N
alexado01,1988,DET,A
boggswa01,1988,BOS,A
brettge01,1988,KC,A
cansejo01,1988,OAK,A
clemero02,1988,BOS,A
eckerde01,1988,OAK,A
gaettga01,1988,MIN,A
greenmi01,1988,BOS,A
gubicma01,1988,KC,A
guilloz01,1988,CHI,A
henderi01,1988,NY,A
jonesdo01,1988,CLE,A
lansfca01,1988,OAK,A
laudnti01,1988,MIN,A
mattido01,1988,NY,A
mcgwima01,1988,OAK,A
molitpa01,1988,MIL,A
plesada01,1988,MIL,A
puckeki01,1988,MIN,A
rayjo01,1988,CAL,A
reardje01,1988,MIN,A
reynoha01,1988,SEA,A
ripkeca01,1988,BAL,A
russeje01,1988,TEX,A
steinte01,1988,OAK,A
stiebda01,1988,TOR,A
stillku01,1988,KC,A
trammal01,1988,DET,A
violafr01,1988,MIN,A
winfida01,1988,NY,A
bonilbo01,1988,PIT,N
cartega01,1988,NY,N
clarkwi02,1988,SF,N
colemvi01,1988,STL,N
coneda01,1988,NY,N
davisma01,1988,SD,N
dawsoan01,1988,CHI,N
dunstsh01,1988,CHI,N
galaran01,1988,MON,N
goodedw01,1988,NY,N
grosske01,1988,PHI,N
hershor01,1988,LA,N
jacksda02,1988,CIN,N
kneppbo01,1988,HOU,N
larkiba01,1988,CIN,N
lawva01,1988,CHI,N
maddugr01,1988,CHI,N
mcgeewi01,1988,STL,N
palmera01,1988,CHI,N
parrila02,1988,PHI,N
perryge01,1988,ATL,N
saboch01,1988,CIN,N
sandbry01,1988,CHI,N
smithoz01,1988,STL,N
strawda01,1988,NY,N
thompro01,1988,SF,N
vanslan01,1988,PIT,N
walkbo01,1988,PIT,N
worreto01,1988,STL,N
baineha01,1989,CHI,A
boggswa01,1989,BOS,A
cansejo01,1989,OAK,A
fernato01,1989,TOR,A
finlech01,1989,CAL,A
francju01,1989,TEX,A
gaettga01,1989,MIN,A
greenmi01,1989,BOS,A
grubeke01,1989,TOR,A
gubicma01,1989,KC,A
hennemi01,1989,DET,A
jacksbo01,1989,KC,A
jonesdo01,1989,CLE,A
leonaje01,1989,SEA,A
mattido01,1989,NY,A
mcgwima01,1989,OAK,A
mooremi01,1989,OAK,A
plesada01,1989,MIL,A
puckeki01,1989,MIN,A
ripkeca01,1989,BAL,A
russeje01,1989,TEX,A
ryanno01,1989,TEX,A
saxst01,1989,NY,A
sierrru01,1989,TEX,A
steinte01,1989,OAK,A
stewada01,1989,OAK,A
swindgr01,1989,CLE,A
tettlmi01,1989,BAL,A
whitede03,1989,CAL,A
bonilbo01,1989,PIT,N
burketi01,1989,MON,N
clarkwi02,1989,SF,N
colemvi01,1989,STL,N
daviser01,1989,CIN,N
davisgl01,1989,HOU,N
davisma01,1989,SD,N
dawsoan01,1989,CHI,N
francjo01,1989,CIN,N
guerrpe01,1989,STL,N
gwynnto01,1989,SD,N
hayesvo01,1989,PHI,N
hershor01,1989,LA,N
howelja01,1989,LA,N
johnsho01,1989,NY,N
larkiba01,1989,CIN,N
mitchke01,1989,SF,N
penato01,1989,STL,N
randowi01,1989,LA,N
reuscri01,1989,SF,N
sandbry01,1989,CHI,N
santibe01,1989,SD,N
schmimi01,1989,PHI,N
sciosmi01,1989,LA,N
scottmi03,1989,HOU,N
smithoz01,1989,STL,N
smoltjo01,1989,ATL,N
strawda01,1989,NY,N
sutclri01,1989,CHI,N
wallati01,1989,MON,N
willimi02,1989,CHI,N
alomasa02,1990,CLE,A
bellge01,1990,TOR,A
boggswa01,1990,BOS,A
burksel01,1990,BOS,A
cansejo01,1990,OAK,A
clemero02,1990,BOS,A
eckerde01,1990,OAK,A
fieldce01,1990,DET,A
finlech01,1990,CAL,A
francju01,1990,TEX,A
griffke02,1990,SEA,A
grubeke01,1990,TOR,A
guilloz01,1990,CHI,A
henderi01,1990,OAK,A
jacobbr01,1990,CLE,A
johnsra05,1990,SEA,A
jonesdo01,1990,CLE,A
mcgwima01,1990,OAK,A
olsongr01,1990,BAL,A
parkeda01,1990,MIL,A
parrila02,1990,CAL,A
puckeki01,1990,MIN,A
ripkeca01,1990,BAL,A
saberbr01,1990,KC,A
saxst01,1990,NY,A
stiebda01,1990,TOR,A
thigpbo01,1990,CHI,A
trammal01,1990,DET,A
welchbo01,1990,OAK,A
alomaro01,1990,SD,N
armstja01,1990,CIN,N
bondsba01,1990,PIT,N
bonilbo01,1990,PIT,N
brantje01,1990,SF,N
clarkwi02,1990,SF,N
dawsoan01,1990,CHI,N
dibblro01,1990,CIN,N
dunstsh01,1990,CHI,N
dykstle01,1990,PHI,N
francjo01,1990,NY,N
gwynnto01,1990,SD,N
heatone01,1990,PIT,N
larkiba01,1990,CIN,N
martide01,1990,MON,N
martira02,1990,LA,N
mitchke01,1990,SF,N
myersra01,1990,CIN,N
olsongr02,1990,ATL,N
saboch01,1990,CIN,N
sandbry01,1990,CHI,N
santibe01,1990,SD,N
sciosmi01,1990,LA,N
smithda02,1990,HOU,N
smithoz01,1990,STL,N
strawda01,1990,NY,N
violafr01,1990,NY,N
wallati01,1990,MON,N
willima04,1990,SF,N
aguilri01,1991,MIN,A
alomaro01,1991,TOR,A
alomasa02,1991,CLE,A
baineha01,1991,OAK,A
boggswa01,1991,BOS,A
cartejo01,1991,TOR,A
clemero02,1991,BOS,A
eckerde01,1991,OAK,A
fieldce01,1991,DET,A
fiskca01,1991,CHI,A
francju01,1991,TEX,A
griffke02,1991,SEA,A
guilloz01,1991,CHI,A
harvebr01,1991,CAL,A
hendeda01,1991,OAK,A
henderi01,1991,OAK,A
keyji01,1991,TOR,A
langsma01,1991,CAL,A
mcdowja01,1991,CHI,A
mcgwima01,1991,OAK,A
molitpa01,1991,MIL,A
morrija02,1991,MIN,A
palmera01,1991,TEX,A
puckeki01,1991,MIN,A
reardje01,1991,BOS,A
ripkeca01,1991,BAL,A
sandesc01,1991,NY,A
sierrru01,1991,TEX,A
tartada01,1991,KC,A
bellge01,1991,CHI,N
biggicr01,1991,HOU,N
bonilbo01,1991,PIT,N
brownto05,1991,CIN,N
butlebr01,1991,LA,N
caldeiv01,1991,MON,N
clarkwi02,1991,SF,N
dawsoan01,1991,CHI,N
dibblro01,1991,CIN,N
glavito02,1991,ATL,N
gwynnto01,1991,SD,N
harnipe01,1991,HOU,N
johnsho01,1991,NY,N
josefe01,1991,STL,N
krukjo01,1991,PHI,N
larkiba01,1991,CIN,N
martide01,1991,MON,N
morgami01,1991,LA,N
murraed02,1991,LA,N
o'neipa01,1991,CIN,N
saboch01,1991,CIN,N
samueju01,1991,LA,N
sandbry01,1991,CHI,N
santibe01,1991,SD,N
smilejo01,1991,PIT,N
smithle02,1991,STL,N
smithoz01,1991,STL,N
strawda01,1991,LA,N
violafr01,1991,NY,N
aguilri01,1992,MIN,A
alomaro01,1992,TOR,A
alomasa02,1992,CLE,A
anderbr01,1992,BAL,A
baergca01,1992,CLE,A
boggswa01,1992,BOS,A
brownke01,1992,TEX,A
cansejo01,1992,OAK,A
cartejo01,1992,TOR,A
clemero02,1992,BOS,A
eckerde01,1992,OAK,A
frymatr01,1992,DET,A
griffke02,1992,SEA,A
guzmaju01,1992,TOR,A
kellyro01,1992,NY,A
knoblch01,1992,MIN,A
langsma01,1992,CAL,A
martied01,1992,SEA,A
mcdowja01,1992,CHI,A
mcgwima01,1992,OAK,A
molitpa01,1992,MIL,A
montgje01,1992,KC,A
mussimi01,1992,BAL,A
nagych01,1992,CLE,A
puckeki01,1992,MIN,A
ripkeca01,1992,BAL,A
rodriiv01,1992,TEX,A
sierrru01,1992,TEX,A
venturo01,1992,CHI,A
biggicr01,1992,HOU,N
bondsba01,1992,PIT,N
charlno01,1992,CIN,N
clarkwi02,1992,SF,N
coneda01,1992,NY,N
daultda01,1992,PHI,N
fernato01,1992,SD,N
gantro01,1992,ATL,N
glavito02,1992,ATL,N
gwynnto01,1992,SD,N
jonesdo01,1992,HOU,N
krukjo01,1992,PHI,N
maddugr01,1992,CHI,N
martide01,1992,MON,N
mcgrifr01,1992,SD,N
pagnoto01,1992,STL,N
pendlte01,1992,ATL,N
roberbi01,1992,CIN,N
sandbry01,1992,CHI,N
santibe01,1992,SD,N
sharpmi01,1992,LA,N
sheffga01,1992,SD,N
smithle02,1992,STL,N
smithoz01,1992,STL,N
smoltjo01,1992,ATL,N
tewksbo01,1992,STL,N
vanslan01,1992,PIT,N
walkela01,1992,MON,N
aguilri01,1993,MIN,A
alomaro01,1993,TOR,A
baergca01,1993,CLE,A
beller01,1993,CLE,A
boggswa01,1993,NY,A
cartejo01,1993,TOR,A
coopesc01,1993,BOS,A
fieldce01,1993,DET,A
frymatr01,1993,DET,A
gonzaju03,1993,TEX,A
griffke02,1993,SEA,A
hentgpa01,1993,TOR,A
johnsra05,1993,SEA,A
keyji01,1993,NY,A
langsma01,1993,CAL,A
mcdowja01,1993,CHI,A
molitpa01,1993,TOR,A
montgje01,1993,KC,A
mussimi01,1993,BAL,A
olerujo01,1993,TOR,A
puckeki01,1993,MIN,A
ripkeca01,1993,BAL,A
rodriiv01,1993,TEX,A
steinte01,1993,OAK,A
thomafr04,1993,CHI,A
vaughgr01,1993,MIL,A
warddu01,1993,TOR,A
whitede03,1993,TOR,A
averyst01,1993,ATL,N
beckro01,1993,SF,N
bellja01,1993,PIT,N
benesan01,1993,SD,N
blausje01,1993,ATL,N
bondsba01,1993,SF,N
bonilbo01,1993,NY,N
burkejo03,1993,SF,N
daultda01,1993,PHI,N
galaran01,1993,COL,N
glavito02,1993,ATL,N
gracema01,1993,CHI,N
grissma02,1993,MON,N
gwynnto01,1993,SD,N
harvebr01,1993,FLA,N
hollida01,1993,PHI,N
jeffegr01,1993,STL,N
justida01,1993,ATL,N
kellyro01,1993,CIN,N
kileda01,1993,HOU,N
krukjo01,1993,PHI,N
larkiba01,1993,CIN,N
mulhote01,1993,PHI,N
piazzmi01,1993,LA,N
sandbry01,1993,CHI,N
sheffga01,1993,FLA,N
smithle02,1993,STL,N
smoltjo01,1993,ATL,N
thompro01,1993,SF,N
vanslan01,1993,PIT,N
alomaro01,1994,TOR,A
belleal01,1994,CLE,A
bereja01,1994,CHI,A
boggswa01,1994,NY,A
bonesri01,1994,MIL,A
cartejo01,1994,TOR,A
clarkwi02,1994,TEX,A
coneda01,1994,KC,A
coopesc01,1994,BOS,A
davisch01,1994,CAL,A
frymatr01,1994,DET,A
griffke02,1994,SEA,A
hentgpa01,1994,TOR,A
johnsra05,1994,SEA,A
keyji01,1994,NY,A
knoblch01,1994,MIN,A
loftoke01,1994,CLE,A
molitpa01,1994,TOR,A
mussimi01,1994,BAL,A
o'neipa01,1994,NY,A
puckeki01,1994,MIN,A
ripkeca01,1994,BAL,A
rodriiv01,1994,TEX,A
sierrru01,1994,OAK,A
smithle02,1994,BAL,A
tettlmi01,1994,DET,A
thomafr04,1994,CHI,A
aloumo01,1994,MON,N
bagweje01,1994,HOU,N
beckro01,1994,SF,N
bicheda01,1994,COL,N
biggicr01,1994,HOU,N
bondsba01,1994,SF,N
caminke01,1994,HOU,N
coninje01,1994,FLA,N
cordewi01,1994,MON,N
drabedo01,1994,HOU,N
duncama01,1994,PHI,N
dykstle01,1994,PHI,N
fletcda01,1994,MON,N
garcica01,1994,PIT,N
grissma02,1994,MON,N
gwynnto01,1994,SD,N
hillke01,1994,MON,N
hudekjo01,1994,HOU,N
jacksda02,1994,PHI,N
jeffegr01,1994,STL,N
jonesdo01,1994,PHI,N
justida01,1994,ATL,N
larkiba01,1994,CIN,N
maddugr01,1994,ATL,N
mcgrifr01,1994,ATL,N
myersra01,1994,CHI,N
piazzmi01,1994,LA,N
rijojo01,1994,CIN,N
saberbr01,1994,NY,N
smithoz01,1994,STL,N
willima04,1994,SF,N
alomaro01,1995,TOR,A
appieke01,1995,KC,A
baergca01,1995,CLE,A
belleal01,1995,CLE,A
boggswa01,1995,NY,A
disarga01,1995,CAL,A
edmonji01,1995,CAL,A
finlech01,1995,CAL,A
griffke02,1995,SEA,A
hansoer01,1995,BOS,A
johnsra05,1995,SEA,A
loftoke01,1995,CLE,A
martide01,1995,CLE,A
martied01,1995,CLE,A
martiti02,1995,SEA,A
mcgwima01,1995,OAK,A
mesajo01,1995,CLE,A
o'neipa01,1995,NY,A
ontivst02,1995,OAK,A
puckeki01,1995,MIN,A
ramirma02,1995,CLE,A
ripkeca01,1995,BAL,A
rodriiv01,1995,TEX,A
rogerke01,1995,TEX,A
seitzke01,1995,MIL,A
smithle02,1995,CAL,A
stanlmi02,1995,NY,A
thomafr04,1995,CHI,A
vaughmo01,1995,BOS,A
wellsda01,1995,DET,A
bicheda01,1995,COL,N
biggicr01,1995,HOU,N
bondsba01,1995,SF,N
bonilbo01,1995,PIT,N
castivi02,1995,COL,N
coninje01,1995,FLA,N
daultda01,1995,PHI,N
dykstle01,1995,PHI,N
gantro01,1995,CIN,N
gracema01,1995,CHI,N
greenty01,1995,PHI,N
gwynnto01,1995,SD,N
henketo01,1995,STL,N
larkiba01,1995,CIN,N
maddugr01,1995,ATL,N
mcgrifr01,1995,ATL,N
mondera01,1995,LA,N
moranmi01,1995,PHI,N
myersra01,1995,CHI,N
neaglde01,1995,PIT,N
nomohi01,1995,LA,N
offerjo01,1995,LA,N
perezca01,1995,MON,N
piazzmi01,1995,LA,N
sandere02,1995,CIN,N
slocuhe01,1995,PHI,N
smilejo01,1995,CIN,N
smithoz01,1995,STL,N
sosasa01,1995,CHI,N
willima04,1995,SF,N
worreto01,1995,LA,N
alomaro01,1996,BAL,A
alomasa02,1996,CLE,A
anderbr01,1996,BAL,A
belleal01,1996,CLE,A
boggswa01,1996,NY,A
buhneja01,1996,SEA,A
cartejo01,1996,TOR,A
finlech01,1996,CAL,A
frymatr01,1996,DET,A
griffke02,1996,SEA,A
hernaro01,1996,CHI,A
knoblch01,1996,MIN,A
loftoke01,1996,CLE,A
martied01,1996,SEA,A
mcgwima01,1996,OAK,A
mesajo01,1996,CLE,A
montgje01,1996,KC,A
nagych01,1996,CLE,A
pavliro01,1996,TEX,A
percitr01,1996,CAL,A
pettian01,1996,NY,A
ripkeca01,1996,BAL,A
rodrial01,1996,SEA,A
rodriiv01,1996,TEX,A
thomafr04,1996,CHI,A
vaughgr01,1996,MIL,A
vaughmo01,1996,BOS,A
wettejo01,1996,NY,A
wilsoda01,1996,SEA,A
bagweje01,1996,HOU,N
bicheda01,1996,COL,N
biggicr01,1996,HOU,N
bondsba01,1996,SF,N
bottari01,1996,PHI,N
brownke01,1996,FLA,N
burksel01,1996,COL,N
caminke01,1996,SD,N
glavito02,1996,ATL,N
grudzma01,1996,MON,N
gwynnto01,1996,SD,N
hundlto01,1996,NY,N
johnsla03,1996,NY,N
jonesch06,1996,ATL,N
kendaja01,1996,PIT,N
larkiba01,1996,CIN,N
leiteal01,1996,FLA,N
maddugr01,1996,ATL,N
martipe03,1996,MON,N
mcgrifr01,1996,ATL,N
piazzmi01,1996,LA,N
rodrihe02,1996,LA,N
sheffga01,1996,FLA,N
smithoz01,1996,STL,N
smoltjo01,1996,ATL,N
trachst01,1996,CHI,N
willima04,1996,SF,N
wohlema01,1996,ATL,N
worreto01,1996,LA,N
younger01,1996,COL,N
alomaro01,1997,BAL,A
alomasa02,1997,CLE,A
anderbr01,1997,BAL,A
belleal01,1997,CHI,A
cirilje01,1997,MIL,A
clemero02,1997,TOR,A
coneda01,1997,NY,A
corajo01,1997,SEA,A
dicksja01,1997,ANA,A
garcino01,1997,BOS,A
griffke02,1997,SEA,A
hentgpa01,1997,TOR,A
johnsra05,1997,COL,A
justida01,1997,CLE,A
knoblch01,1997,STL,A
martied01,1997,CIN,A
martiti02,1997,OAK,A
mcgwima01,1997,STL,A
mussimi01,1997,BAL,A
myersra01,1997,BAL,A
o'neipa01,1997,NY,A
ripkeca01,1997,BAL,A
riverma01,1997,NY,A
rodrial01,1997,SEA,A
rodriiv01,1997,TEX,A
rosadjo01,1997,KC,A
thomafr04,1997,CHI,A
thomeji01,1997,CLE,A
thompju02,1997,DET,A
willibe02,1997,NY,A
aloumo01,1997,FLA,N
bagweje01,1997,HOU,N
beckro01,1997,SF,N
biggicr01,1997,HOU,N
blausje01,1997,ATL,N
bondsba01,1997,SF,N
brownke01,1997,FLA,N
caminke01,1997,SD,N
claytro01,1997,STL,N
estessh01,1997,SF,N
finlest01,1997,SD,N
galaran01,1997,COL,N
glavito02,1997,ATL,N
gracema01,1997,CHI,N
gwynnto01,1997,SD,N
hundlto01,1997,NY,N
johnsch04,1997,FLA,N
jonesbo04,1997,ATL,N
jonesch06,1997,MIN,N
kileda01,1997,HOU,N
lankfra01,1997,ATL,N
larkiba01,1997,CIN,N
loftoke01,1997,ATL,N
lopezja01,1997,ATL,N
maddugr01,1997,SEA,N
martipe03,1997,NY,N
neaglde01,1997,ATL,N
piazzmi01,1997,LA,N
schilcu01,1997,PHI,N
walkela01,1997,COL,N
womacto01,1997,PIT,N
alomaro01,1998,BAL,A
alomasa02,1998,CLE,A
arrojro01,1998,TB,A
brosisc01,1998,NY,A
clemero02,1998,TOR,A
colonba01,1998,CLE,A
durhara01,1998,CHI,A
easleda01,1998,DET,A
erstada01,1998,ANA,A
gonzaju03,1998,TEX,A
gordoto01,1998,BOS,A
grievbe01,1998,OAK,A
griffke02,1998,SEA,A
jeterde01,1998,NY,A
loftoke01,1998,CLE,A
martipe02,1998,BOS,A
o'neipa01,1998,NY,A
palmede01,1998,KC,A
palmera01,1998,BAL,A
percitr01,1998,ANA,A
radkebr01,1998,MIN,A
ramirma02,1998,CLE,A
ripkeca01,1998,BAL,A
rodrial01,1998,SEA,A
rodriiv01,1998,TEX,A
seleaa01,1998,TEX,A
thomeji01,1998,CLE,A
vaughmo01,1998,BOS,A
vizquom01,1998,CLE,A
wellsda01,1998,NY,A
wettejo01,1998,TEX,A
willibe02,1998,NY,A
aloumo01,1998,HOU,N
ashbyan01,1998,SD,N
bicheda01,1998,COL,N
biggicr01,1998,HOU,N
bondsba01,1998,SF,N
boonebr01,1998,CIN,N
brownke03,1998,SD,N
castivi02,1998,COL,N
galaran01,1998,ATL,N
glavito02,1998,ATL,N
gwynnto01,1998,SD,N
hoffmtr01,1998,SD,N
jonesch06,1998,ATL,N
kendaja01,1998,PIT,N
lopezja01,1998,ATL,N
maddugr01,1998,ATL,N
mcgwima01,1998,STL,N
nenro01,1998,SF,N
piazzmi01,1998,NY,N
reedri01,1998,NY,N
renteed01,1998,FLA,N
schilcu01,1998,PHI,N
shawje01,1998,LA,N
sheffga01,1998,LA,N
sosasa01,1998,CHI,N
urbinug01,1998,MON,N
vaughgr01,1998,SD,N
vinafe01,1998,MIL,N
walkela01,1998,COL,N
weisswa01,1998,ATL,N
whitede03,1998,ARI,N
alomaro01,1999,CLE,A
ausmubr01,1999,DET,A
cansejo01,1999,TB,A
coneda01,1999,NY,A
coomero01,1999,MIN,A
fernato01,1999,TOR,A
garcino01,1999,BOS,A
greensh01,1999,TOR,A
griffke02,1999,SEA,A
hernaro01,1999,TB,A
jahajo01,1999,OAK,A
jeterde01,1999,NY,A
loftoke01,1999,CLE,A
martipe03,1999,BOS,A
mussimi01,1999,BAL,A
nagych01,1999,CLE,A
offerjo01,1999,BOS,A
ordonma01,1999,CHI,A
palmera01,1999,TEX,A
percitr01,1999,ANA,A
ramirma02,1999,CLE,A
ripkeca01,1999,BAL,A
riverma01,1999,NY,A
rodriiv01,1999,TEX,A
rosadjo01,1999,KC,A
surhob.01,1999,BAL,A
thomeji01,1999,CLE,A
vizquom01,1999,CLE,A
wettejo01,1999,TEX,A
willibe02,1999,NY,A
zimmeje01,1999,TEX,A
ashbyan01,1999,SD,N
bagweje01,1999,HOU,N
bellja01,1999,ARI,N
botteke01,1999,STL,N
burnije01,1999,MIL,N
byrdpa01,1999,PHI,N
caseyse01,1999,CIN,N
gonzaal02,1999,FLA,N
gonzalu01,1999,ARI,N
guerrvl01,1999,MON,N
gwynnto01,1999,SD,N
hamptmi01,1999,HOU,N
hoffmtr01,1999,SD,N
johnsra05,1999,ARI,N
jordabr01,1999,ATL,N
kentje01,1999,SF,N
larkiba01,1999,CIN,N
liebemi01,1999,PHI,N
limajo01,1999,HOU,N
mcgwima01,1999,STL,N
millwke01,1999,ATL,N
nenro01,1999,SF,N
nilssda01,1999,MIL,N
piazzmi01,1999,NY,N
schilcu01,1999,PHI,N
sheffga01,1999,LA,N
sosasa01,1999,CHI,N
spraged02,1999,PIT,N
wagnebi02,1999,HOU,N
walkela01,1999,COL,N
willima04,1999,ARI,N
willisc01,1999,CIN,N
alomaro01,2000,CLE,A
baldwja01,2000,CHI,A
batisto01,2000,TOR,A
bordimi01,2000,BAL,A
delgaca01,2000,TOR,A
durhara01,2000,CHI,A
dyeje01,2000,KC,A
erstada01,2000,ANA,A
evereca01,2000,BOS,A
finlech01,2000,CLE,A
frymatr01,2000,CLE,A
garcino01,2000,BOS,A
giambja01,2000,OAK,A
glaustr01,2000,ANA,A
hudsoti01,2000,OAK,A
isrinja01,2000,OAK,A
jeterde01,2000,NY,A
jonesto02,2000,DET,A
lawtoma02,2000,MIN,A
lowede01,2000,BOS,A
martied01,2000,SEA,A
martipe02,2000,BOS,A
mcgrifr01,2000,TB,A
ordonma01,2000,CHI,A
posadjo01,2000,NY,A
ramirma02,2000,CLE,A
ripkeca01,2000,BAL,A
riverma01,2000,NY,A
rodrial01,2000,SEA,A
rodriiv01,2000,TEX,A
seleaa01,2000,SEA,A
sweenmi01,2000,KC,A
wellsda01,2000,TOR,A
willibe02,2000,NY,A
alfoned01,2000,NY,N
bondsba01,2000,SF,N
brownke03,2000,LA,N
cirilje01,2000,COL,N
dempsry01,2000,FLA,N
edmonji01,2000,STL,N
finlest01,2000,ARI,N
galaran01,2000,ATL,N
gilesbr02,2000,PIT,N
glavito02,2000,ATL,N
graveda01,2000,CIN,N
griffke02,2000,CIN,N
guerrvl01,2000,MON,N
hammoje01,2000,COL,N
heltoto01,2000,COL,N
hoffmtr01,2000,SD,N
johnsra05,2000,ARI,N
jonesan01,2000,ATL,N
jonesch06,2000,ATL,N
kendaja01,2000,PIT,N
kentje01,2000,SF,N
kileda01,2000,STL,N
larkiba01,2000,CIN,N
leiteal01,2000,NY,N
liebemi01,2000,PHI,N
maddugr01,2000,ATL,N
mcgwima01,2000,STL,N
piazzmi01,2000,NY,N
renteed01,2000,STL,N
reynosh01,2000,HOU,N
sheffga01,2000,LA,N
sosasa01,2000,CHI,N
vidrojo01,2000,MON,N
wickmbo01,2000,MIL,N
alomaro01,2001,CLE,A
boonebr01,2001,SEA,A
camermi01,2001,SEA,A
clarkto02,2001,DET,A
clemero02,2001,NY,A
garcifr03,2001,SEA,A
giambja01,2001,OAK,A
glaustr01,2001,ANA,A
gonzaju03,2001,CLE,A
guzmacr01,2001,MIN,A
jeterde01,2001,NY,A
martied01,2001,SEA,A
maysjo01,2001,MIN,A
miltoer01,2001,MIN,A
nelsoje01,2001,SEA,A
olerujo01,2001,SEA,A
ordonma01,2001,CHI,A
percitr01,2001,ANA,A
pettian01,2001,NY,A
posadjo01,2001,NY,A
quantpa01,2001,TOR,A
ramirma02,2001,BOS,A
ripkeca01,2001,BAL,A
riverma01,2001,NY,A
rodrial01,2001,TEX,A
rodriiv01,2001,TEX,A
sasakka01,2001,SEA,A
stantmi02,2001,NY,A
suzukic01,2001,SEA,A
sweenmi01,2001,KC,A
vaughgr01,2001,TB,A
willibe02,2001,NY,A
aloumo01,2001,HOU,N
aurilri01,2001,SF,N
berkmla01,2001,HOU,N
bondsba01,2001,SF,N
burkejo03,2001,ATL,N
caseyse01,2001,CIN,N
floydcl01,2001,FLA,N
gilesbr02,2001,PIT,N
gonzalu01,2001,ARI,N
guerrvl01,2001,MON,N
hamptmi01,2001,COL,N
heltoto01,2001,COL,N
johnsch04,2001,FLA,N
johnsra05,2001,ARI,N
jonesch06,2001,ATL,N
kentje01,2001,SF,N
kleskry01,2001,SD,N
liebejo01,2001,CHI,N
morrima01,2001,STL,N
nevinph01,2001,SD,N
parkch01,2001,LA,N
piazzmi01,2001,NY,N
pujolal01,2001,STL,N
reedri01,2001,NY,N
rolliji01,2001,PHI,N
schilcu01,2001,ARI,N
shawje01,2001,LA,N
sheetbe01,2001,MIL,N
sosasa01,2001,CHI,N
wagnebi02,2001,HOU,N
walkela01,2001,COL,N
