player_ID,Award,tie,Year,League,Note
aaronha01,MVP,,1957,NL,
aaronha01,Gold Glove,,1958,NL,RF
aaronha01,Gold Glove,,1959,NL,RF
aaronha01,Gold Glove,,1960,NL,RF
ageeto01,Gold Glove,,1966,AL,OF
ageeto01,Rookie of the Year,,1966,AL,
ageeto01,Gold Glove,,1970,NL,OF
alexape01,Triple Crown,,1915,NL,
alexape01,Triple Crown,,1916,NL,
alexape01,Triple Crown,,1920,NL,
alfonan01,Rolaids Relief,,2000,NL,
allendi01,Rookie of the Year,,1964,NL,
allendi01,MVP,,1972,AL,
alleyge01,Gold Glove,,1966,NL,SS
alleyge01,Gold Glove,,1967,NL,SS
allisbo01,Rookie of the Year,,1959,AL,
alomaro01,Gold Glove,,1991,AL,2B
alomaro01,ALCS MVP,,1992,AL,
alomaro01,Gold Glove,,1992,AL,2B
alomaro01,Gold Glove,,1993,AL,2B
alomaro01,Gold Glove,,1994,AL,2B
alomaro01,Gold Glove,,1995,AL,2B
alomaro01,Gold Glove,,1996,AL,2B
alomaro01,AS MVP,,1998,ML,
alomaro01,Gold Glove,,1998,AL,2B
alomaro01,Gold Glove,,1999,AL,2B
alomaro01,Gold Glove,,2000,AL,2B
alomaro01,Gold Glove,,2000,AL,2B
alomasa02,Gold Glove,,1990,AL,C
alomasa02,Rookie of the Year,,1990,AL,
alomasa02,AS MVP,,1997,ML,
aloufe01,Mgr of the year,,1994,NL,
amaroru01,Gold Glove,,1964,NL,SS
andersp01,Mgr of the year,,1984,AL,
andersp01,Mgr of the year,,1987,AL,
andujjo01,Gold Glove,,1984,NL,P
aparilu01,Rookie of the Year,,1956,AL,
aparilu01,Gold Glove,,1958,AL,SS
aparilu01,Gold Glove,,1959,AL,SS
aparilu01,Gold Glove,,1960,AL,SS
aparilu01,Gold Glove,,1961,AL,SS
aparilu01,Gold Glove,,1962,AL,SS
aparilu01,Gold Glove,,1964,AL,SS
aparilu01,Gold Glove,,1966,AL,SS
aparilu01,Gold Glove,,1968,AL,SS
aparilu01,Gold Glove,,1970,AL,SS
ausmubr01,Gold Glove,,2000,NL,C
averyst01,NLCS MVP,,1991,NL,
bagweje01,Rookie of the Year,,1991,NL,
bagweje01,Gold Glove,,1994,NL,1B
bagweje01,MVP,,1994,NL,
bahnsst01,Rookie of the Year,,1968,AL,
bakerdu01,NLCS MVP,,1977,NL,
bakerdu01,Gold Glove,,1981,NL,OF
bakerdu01,Mgr of the year,,1993,NL,
bakerdu01,Mgr of the year,,1997,NL,
bakerdu01,Mgr of the year,,2000,NL,
bankser01,MVP,,1958,NL,
bankser01,MVP,,1959,NL,
bankser01,Gold Glove,,1960,NL,SS
barfije01,Gold Glove,,1986,AL,OF
barfije01,Gold Glove,,1987,AL,OF
barrema02,ALCS MVP,,1986,AL,
batteea01,Gold Glove,,1960,AL,C
batteea01,Gold Glove,,1961,AL,C
batteea01,Gold Glove,,1962,AL,C
baylodo01,MVP,,1979,AL,
baylodo01,Mgr of the year,,1995,NL,
beckegl01,Gold Glove,,1968,NL,2B
beckro01,Rolaids Relief,,1994,NL,
bedrost01,Cy Young,,1987,NL,
bedrost01,Rolaids Relief,,1987,NL,
belanma01,Gold Glove,,1969,AL,SS
belanma01,Gold Glove,,1971,AL,SS
belanma01,Gold Glove,,1973,AL,SS
belanma01,Gold Glove,,1974,AL,SS
belanma01,Gold Glove,,1975,AL,SS
belanma01,Gold Glove,,1976,AL,SS
belanma01,Gold Glove,,1977,AL,SS
belanma01,Gold Glove,,1978,AL,SS
bellbu01,Gold Glove,,1979,AL,3B
bellbu01,Gold Glove,,1980,AL,3B
bellbu01,Gold Glove,,1981,AL,3B
bellbu01,Gold Glove,,1982,AL,3B
bellbu01,Gold Glove,,1983,AL,3B
bellbu01,Gold Glove,,1984,AL,3B
bellge02,MVP,,1987,AL,
bellja01,Gold Glove,,1993,NL,SS
beltrca01,Rookie of the Year,,1999,AL,
benchjo01,Gold Glove,,1968,NL,C
benchjo01,Rookie of the Year,,1968,NL,
benchjo01,Gold Glove,,1969,NL,C
benchjo01,Gold Glove,,1970,NL,C
benchjo01,MVP,,1970,NL,
benchjo01,Gold Glove,,1971,NL,C
benchjo01,Gold Glove,,1972,NL,C
benchjo01,MVP,,1972,NL,
benchjo01,Gold Glove,,1973,NL,C
benchjo01,Gold Glove,,1974,NL,C
benchjo01,Gold Glove,,1975,NL,C
benchjo01,Gold Glove,,1976,NL,C
benchjo01,WS MVP,,1976,ML,
benchjo01,Gold Glove,,1977,NL,C
beniqju01,Gold Glove,,1977,AL,OF
benitar01,Rolaids Relief,,2001,NL,
berrayo01,MVP,,1951,AL,
berrayo01,MVP,,1954,AL,
berrayo01,MVP,,1955,AL,
berryke01,Gold Glove,,1970,AL,OF
berryke01,Gold Glove,,1972,AL,OF
biggicr01,Gold Glove,,1994,NL,2B
biggicr01,Gold Glove,,1995,NL,2B
biggicr01,Gold Glove,,1996,NL,2B
biggicr01,Gold Glove,,1997,NL,2B
blackjo02,Rookie of the Year,,1952,NL,
blairpa01,Gold Glove,,1967,AL,OF
blairpa01,Gold Glove,,1969,AL,OF
blairpa01,Gold Glove,,1970,AL,OF
blairpa01,Gold Glove,,1971,AL,OF
blairpa01,Gold Glove,,1972,AL,OF
blairpa01,Gold Glove,,1973,AL,OF
blairpa01,Gold Glove,,1974,AL,OF
blairpa01,Gold Glove,,1975,AL,OF
blefacu01,Rookie of the Year,,1965,AL,
bluevi01,Cy Young,,1971,AL,
bluevi01,MVP,,1971,AL,
bochybr01,Mgr of the year,,1996,NL,
boddimi01,ALCS MVP,,1983,AL,
boddimi01,Gold Glove,,1990,AL,P
boggswa01,Gold Glove,,1994,AL,3B
boggswa01,Gold Glove,,1995,AL,3B
bollifr01,Gold Glove,,1958,AL,2B
bondsba01,Gold Glove,,1990,NL,OF
bondsba01,MVP,,1990,NL,
bondsba01,Gold Glove,,1991,NL,OF
bondsba01,Gold Glove,,1992,NL,OF
bondsba01,MVP,,1992,NL,
bondsba01,Gold Glove,,1993,NL,OF
bondsba01,MVP,,1993,NL,
bondsba01,Gold Glove,,1994,NL,OF
bondsba01,Gold Glove,,1996,NL,OF
bondsba01,Gold Glove,,1997,NL,OF
bondsba01,Gold Glove,,1998,NL,OF
bondsba01,MVP,,2001,NL,
bondsbo01,Gold Glove,,1971,NL,OF
bondsbo01,AS MVP,,1973,ML,
bondsbo01,Gold Glove,,1973,NL,OF
bondsbo01,Gold Glove,,1974,NL,OF
bondto01,Triple Crown,,1877,NL,
boonebo01,Gold Glove,,1978,NL,C
boonebo01,Gold Glove,,1979,NL,C
boonebo01,Gold Glove,,1982,AL,C
boonebo01,Gold Glove,,1986,AL,C
boonebo01,Gold Glove,,1987,AL,C
boonebo01,Gold Glove,,1988,AL,C
boonebo01,Gold Glove,,1989,AL,C
boonebr01,Gold Glove,,1998,NL,2B
bordepa01,WS MVP,,1992,ML,
bottoji01,MVP,,1928,NL,
boudrlo01,MVP,,1948,AL,
bowala01,Gold Glove,,1972,NL,SS
bowala01,Gold Glove,,1978,NL,SS
bowala01,Mgr of the year,,2001,NL,
boyercl02,Gold Glove,,1969,NL,3B
boyerke01,Gold Glove,,1958,NL,3B
boyerke01,Gold Glove,,1959,NL,3B
boyerke01,Gold Glove,,1960,NL,3B
boyerke01,Gold Glove,,1961,NL,3B
boyerke01,Gold Glove,,1963,NL,3B
boyerke01,MVP,,1964,NL,
brandja01,Gold Glove,,1959,NL,LF
brantje01,Rolaids Relief,,1996,NL,
brettge01,MVP,,1980,AL,
brettge01,ALCS MVP,,1985,AL,
brettge01,Gold Glove,,1985,AL,3B
brinked01,Gold Glove,,1972,AL,SS
brosisc01,WS MVP,,1998,ML,
brosisc01,Gold Glove,,1999,AL,3B
buhneja01,Gold Glove,,1996,AL,OF
bumbral01,Rookie of the Year,,1973,AL,
burdele01,WS MVP,,1957,ML,
burksel01,Gold Glove,,1990,AL,OF
burleri01,Gold Glove,,1979,AL,SS
burnsge02,MVP,,1926,AL,
burroje01,MVP,,1974,AL,
byrdha01,Rookie of the Year,,1952,AL,
cabreor01,Gold Glove,,2000,NL,SS
callijo01,AS MVP,,1964,ML,
camermi01,Gold Glove,,2000,AL,OF
camildo01,MVP,,1941,NL,
caminke01,Gold Glove,,1995,NL,3B
caminke01,Gold Glove,,1996,NL,3B
caminke01,MVP,,1996,NL,
caminke01,Gold Glove,,1997,NL,3B
camparo01,MVP,,1951,NL,
camparo01,MVP,,1953,NL,
camparo01,MVP,,1955,NL,
campbbi02,Rolaids Relief,,1976,AL,
campbbi02,Rolaids Relief,,1977,AL,
cansejo01,Rookie of the Year,,1986,AL,
cansejo01,MVP,,1988,AL,
cardele01,Gold Glove,,1965,NL,SS
carewro01,Rookie of the Year,,1967,AL,
carewro01,MVP,,1977,AL,
carltst01,Cy Young,,1972,NL,
carltst01,Triple Crown,,1972,NL,
carltst01,Cy Young,,1977,NL,
carltst01,Cy Young,,1980,NL,
carltst01,Gold Glove,,1981,NL,P
carltst01,Cy Young,,1982,NL,
cartega01,Gold Glove,,1980,NL,C
cartega01,AS MVP,,1981,ML,
cartega01,Gold Glove,,1981,NL,C
cartega01,Gold Glove,,1982,NL,C
cartega01,AS MVP,,1984,ML,
castijo01,Rookie of the Year,Y,1979,AL,
cavarph01,MVP,,1945,NL,
cedence01,Gold Glove,,1972,NL,OF
cedence01,Gold Glove,,1973,NL,OF
cedence01,Gold Glove,,1974,NL,OF
cedence01,Gold Glove,,1975,NL,OF
cedence01,Gold Glove,,1976,NL,OF
cepedor01,Rookie of the Year,,1958,NL,
cepedor01,MVP,,1967,NL,
ceyro01,WS MVP,Y,1981,ML,
chambch01,Rookie of the Year,,1971,AL,
chambch01,Gold Glove,,1978,AL,1B
chancde01,Cy Young,,1964,ML,
chandsp01,MVP,,1943,AL,
charbjo01,Rookie of the Year,,1980,AL,
chaveer01,Gold Glove,,2000,AL,3B
clarkjo01,Triple Crown,,1889,NL,
clarkwi02,NLCS MVP,,1989,NL,
clarkwi02,Gold Glove,,1991,NL,1B
clemero01,Gold Glove,,1961,NL,OF
clemero01,Gold Glove,,1962,NL,OF
clemero01,Gold Glove,,1963,NL,OF
clemero01,Gold Glove,,1964,NL,OF
clemero01,Gold Glove,,1965,NL,OF
clemero01,Gold Glove,,1966,NL,OF
clemero01,MVP,,1966,NL,
clemero01,Gold Glove,,1967,NL,OF
clemero01,Gold Glove,,1968,NL,OF
clemero01,Gold Glove,,1969,NL,OF
clemero01,Gold Glove,,1970,NL,OF
clemero01,Gold Glove,,1971,NL,OF
clemero01,WS MVP,,1971,ML,
clemero01,Gold Glove,,1972,NL,OF
clemero02,AS MVP,,1986,ML,
clemero02,Cy Young,,1986,AL,
clemero02,MVP,,1986,AL,
clemero02,Cy Young,,1987,AL,
clemero02,Cy Young,,1991,AL,
clemero02,Cy Young,,1997,AL,
clemero02,Triple Crown,,1997,AL,
clemero02,Cy Young,,1998,AL,
clemero02,Triple Crown,,1998,AL,
clemero02,Cy Young,,2001,AL,
clenddo01,WS MVP,,1969,ML,
cobbty01,Triple Crown,,1909,AL,
cobbty01,MVP,,1911,AL,
cochrmi01,MVP,,1928,AL,
cochrmi01,MVP,,1934,AL,
colemvi01,Rookie of the Year,,1985,NL,
collied01,MVP,,1914,AL,
conceda01,Gold Glove,,1974,NL,SS
conceda01,Gold Glove,,1975,NL,SS
conceda01,Gold Glove,,1976,NL,SS
conceda01,Gold Glove,,1977,NL,SS
conceda01,Gold Glove,,1979,NL,SS
conceda01,AS MVP,,1982,ML,
coneda01,Cy Young,,1994,AL,
coninje01,AS MVP,,1995,ML,
coopece01,Gold Glove,,1979,AL,1B
coopece01,Gold Glove,,1980,AL,1B
coopemo01,MVP,,1942,NL,
cordoma01,Rookie of the Year,,1995,AL,
counsell,NLCS MVP,,2001,NL,
cowenal01,Gold Glove,,1977,AL,OF
coxbo01,Mgr of the year,,1985,AL,
coxbo01,Mgr of the year,,1991,NL,
crandde01,Gold Glove,,1958,NL,C
crandde01,Gold Glove,,1959,NL,C
crandde01,Gold Glove,,1960,NL,C
crandde01,Gold Glove,,1962,NL,C
cuellmi01,Cy Young,Y,1969,AL,
darkal01,Rookie of the Year,,1948,ML,
darliro01,Gold Glove,,1989,NL,P
daubeja01,MVP,,1913,NL,
davalvi01,Gold Glove,,1964,AL,OF
davenji01,Gold Glove,,1962,NL,3B
davisal01,Rookie of the Year,,1984,AL,
daviser01,Gold Glove,,1987,NL,OF
daviser01,Gold Glove,,1988,NL,OF
daviser01,Gold Glove,,1989,NL,OF
davisjo02,Gold Glove,,1986,NL,C
davisma01,Cy Young,,1989,NL,
davisma01,Rolaids Relief,,1989,NL,
daviswi02,Gold Glove,,1971,NL,OF
daviswi02,Gold Glove,,1972,NL,OF
daviswi02,Gold Glove,,1973,NL,OF
dawsoan01,Rookie of the Year,,1977,NL,
dawsoan01,Gold Glove,,1980,NL,OF
dawsoan01,Gold Glove,,1981,NL,OF
dawsoan01,Gold Glove,,1982,NL,OF
dawsoan01,Gold Glove,,1983,NL,OF
dawsoan01,Gold Glove,,1984,NL,OF
dawsoan01,Gold Glove,,1985,NL,OF
dawsoan01,Gold Glove,,1987,NL,OF
dawsoan01,MVP,,1987,NL,
dawsoan01,Gold Glove,,1988,NL,OF
deandi01,MVP,,1934,NL,
dempsri01,WS MVP,,1983,ML,
dennyjo01,Cy Young,,1983,NL,
dentbu01,WS MVP,,1978,ML,
dernibo01,Gold Glove,,1984,NL,OF
devermi01,NLCS MVP,,1995,NL,
dibblro01,NLCS MVP,,1990,NL,
dierkla01,Mgr of the year,,1998,NL,
dimagjo01,MVP,,1939,AL,
dimagjo01,MVP,,1941,AL,
dimagjo01,MVP,,1947,AL,
doylela01,MVP,,1912,NL,
drabedo01,Cy Young,,1990,NL,
dropowa01,Rookie of the Year,,1950,AL,
drysddo01,Cy Young,,1962,ML,
duffyhu01,Triple Crown,,1894,NL,
dyeje01,Gold Glove,,2000,AL,OF
eastwra01,Rolaids Relief,,1976,NL,
eckerde01,ALCS MVP,,1988,AL,
eckerde01,Rolaids Relief,,1988,AL,
eckerde01,Cy Young,,1992,AL,
eckerde01,MVP,,1992,AL,
eckerde01,Rolaids Relief,,1992,AL,
edmonji01,Gold Glove,,1997,AL,OF
edmonji01,Gold Glove,,1998,AL,OF
edmonji01,Gold Glove,,2000,NL,OF
edmonji01,Gold Glove,,2000,NL,OF
edwarjo01,Gold Glove,,1963,NL,C
edwarjo01,Gold Glove,,1964,NL,C
elliobo01,MVP,,1947,NL,
erstada01,Gold Glove,,2000,AL,OF
evansdw01,Gold Glove,,1976,AL,OF
evansdw01,Gold Glove,,1978,AL,OF
evansdw01,Gold Glove,,1979,AL,OF
evansdw01,Gold Glove,,1981,AL,OF
evansdw01,Gold Glove,,1982,AL,OF
evansdw01,Gold Glove,,1983,AL,OF
evansdw01,Gold Glove,,1984,AL,OF
evansdw01,Gold Glove,Y,1985,AL,OF
eversjo01,MVP,,1914,NL,
fellebo01,Triple Crown,,1940,AL,
fernato01,Gold Glove,,1986,AL,SS
fernato01,Gold Glove,,1987,AL,SS
fernato01,Gold Glove,,1988,AL,SS
fernato01,Gold Glove,,1989,AL,SS
fidryma01,Rookie of the Year,,1976,AL,
fingero01,WS MVP,,1974,ML,
fingero01,Rolaids Relief,,1977,NL,
fingero01,Rolaids Relief,,1978,NL,
fingero01,Rolaids Relief,,1980,NL,
fingero01,Cy Young,,1981,AL,
fingero01,MVP,,1981,AL,
fingero01,Rolaids Relief,,1981,AL,
finlest01,Gold Glove,,1995,NL,OF
finlest01,Gold Glove,,1996,NL,OF
finlest01,Gold Glove,,1999,NL,OF
finlest01,Gold Glove,,2000,NL,OF
fiskca01,Gold Glove,,1972,AL,C
fiskca01,Rookie of the Year,,1972,AL,
flanami01,Cy Young,,1979,AL,
floodcu01,Gold Glove,,1963,NL,OF
floodcu01,Gold Glove,,1964,NL,OF
floodcu01,Gold Glove,,1965,NL,OF
floodcu01,Gold Glove,,1966,NL,OF
floodcu01,Gold Glove,,1967,NL,OF
floodcu01,Gold Glove,,1968,NL,OF
floodcu01,Gold Glove,,1969,NL,OF
flynndo01,Gold Glove,,1980,NL,2B
fordwh01,Cy Young,,1961,ML,
fordwh01,WS MVP,,1961,ML,
fossera01,Gold Glove,,1970,AL,C
fossera01,Gold Glove,,1971,AL,C
fostege01,AS MVP,,1976,ML,
fostege01,MVP,,1977,NL,
foxne01,Gold Glove,,1957,ML,2B
foxne01,Gold Glove,,1959,AL,2B
foxne01,MVP,,1959,AL,
foxne01,Gold Glove,,1960,AL,2B
foxxji01,MVP,,1932,AL,
foxxji01,MVP,,1933,AL,
foxxji01,Triple Crown,,1933,AL,
foxxji01,MVP,,1938,AL,
francjo01,Rolaids Relief,,1988,NL,
francjo01,Rolaids Relief,,1990,NL,
francju01,AS MVP,,1990,ML,
freehbi01,Gold Glove,,1965,AL,C
freehbi01,Gold Glove,,1966,AL,C
freehbi01,Gold Glove,,1967,AL,C
freehbi01,Gold Glove,,1968,AL,C
freehbi01,Gold Glove,,1969,AL,C
fregoji01,Gold Glove,,1967,AL,SS
freyji99,Mgr of the year,,1984,NL,
friscfr01,MVP,,1931,NL,
frymatr01,Gold Glove,,2000,AL,3B
furcara02,Rookie of the Year,,2000,NL,
gaettga01,Gold Glove,,1986,AL,3B
gaettga01,ALCS MVP,,1987,AL,
gaettga01,Gold Glove,,1987,AL,3B
gaettga01,Gold Glove,,1988,AL,3B
gaettga01,Gold Glove,,1989,AL,3B
galaran01,Gold Glove,,1989,NL,1B
galaran01,Gold Glove,,1990,NL,1B
garcino01,Rookie of the Year,,1997,AL,
garvest01,AS MVP,,1974,ML,
garvest01,Gold Glove,,1974,NL,1B
garvest01,MVP,,1974,NL,
garvest01,Gold Glove,,1975,NL,1B
garvest01,Gold Glove,,1976,NL,1B
garvest01,Gold Glove,,1977,NL,1B
garvest01,AS MVP,,1978,ML,
garvest01,NLCS MVP,,1978,NL,
garvest01,NLCS MVP,,1984,NL,
gehrich01,MVP,,1937,AL,
gehrilo01,MVP,,1927,AL,
gehrilo01,Triple Crown,,1934,AL,
gehrilo01,MVP,,1936,AL,
geronce01,Gold Glove,,1974,NL,OF
geronce01,Gold Glove,,1975,NL,OF
geronce01,Gold Glove,,1976,NL,OF
geronce01,Gold Glove,,1977,NL,OF
giambja01,MVP,,2000,AL,
gibsobo01,WS MVP,,1964,ML,
gibsobo01,Gold Glove,,1965,NL,P
gibsobo01,Gold Glove,,1966,NL,P
gibsobo01,Gold Glove,,1967,NL,P
gibsobo01,WS MVP,,1967,ML,
gibsobo01,Cy Young,,1968,NL,
gibsobo01,Gold Glove,,1968,NL,P
gibsobo01,MVP,,1968,NL,
gibsobo01,Gold Glove,,1969,NL,P
gibsobo01,Cy Young,,1970,NL,
gibsobo01,Gold Glove,,1970,NL,P
gibsobo01,Gold Glove,,1971,NL,P
gibsobo01,Gold Glove,,1972,NL,P
gibsobo01,Gold Glove,,1973,NL,P
gibsoki01,ALCS MVP,,1984,AL,
gibsoki01,MVP,,1988,NL,
gilliji01,Rookie of the Year,,1953,NL,
glavito02,Cy Young,,1991,NL,
glavito02,WS MVP,,1995,ML,
glavito02,Cy Young,,1998,NL,
gomezle01,Triple Crown,,1934,AL,
gomezle01,Triple Crown,,1937,AL,
gonzaju03,MVP,,1996,AL,
gonzaju03,MVP,,1998,AL,
goodedw01,Rookie of the Year,,1984,NL,
goodedw01,Cy Young,,1985,NL,
goodedw01,Triple Crown,,1985,NL,
gordojo01,MVP,,1942,AL,
gordoto01,Rolaids Relief,,1998,AL,
gossari01,Rolaids Relief,,1978,AL,
gracema01,Gold Glove,,1992,NL,1B
gracema01,Gold Glove,,1993,NL,1B
gracema01,Gold Glove,,1995,NL,1B
gracema01,Gold Glove,,1996,NL,1B
greenha01,MVP,,1935,AL,
greenha01,MVP,,1940,AL,
greensh01,Gold Glove,,1999,AL,OF
grichbo01,Gold Glove,,1973,AL,2B
grichbo01,Gold Glove,,1974,AL,2B
grichbo01,Gold Glove,,1975,AL,2B
grichbo01,Gold Glove,,1976,AL,2B
grievbe01,Rookie of the Year,,1998,AL,
griffal01,Rookie of the Year,Y,1979,AL,
griffal01,Gold Glove,,1985,AL,SS
griffdo01,Gold Glove,,1972,AL,2B
griffke01,AS MVP,,1980,ML,
griffke02,Gold Glove,,1990,AL,OF
griffke02,Gold Glove,,1991,AL,OF
griffke02,AS MVP,,1992,ML,
griffke02,Gold Glove,,1992,AL,OF
griffke02,Gold Glove,,1993,AL,OF
griffke02,Gold Glove,,1994,AL,OF
griffke02,Gold Glove,,1995,AL,OF
griffke02,Gold Glove,,1996,AL,OF
griffke02,Gold Glove,,1997,AL,OF
griffke02,MVP,,1997,AL,
griffke02,Gold Glove,,1998,AL,OF
griffke02,Gold Glove,,1999,AL,OF
grimbo01,Rookie of the Year,,1954,AL,
grissma02,Gold Glove,,1993,NL,OF
grissma02,Gold Glove,,1994,NL,OF
grissma02,Gold Glove,,1995,NL,OF
grissma02,Gold Glove,,1996,NL,OF
grissma02,ALCS MVP,,1997,AL,
groatdi01,MVP,,1960,NL,
grovele01,Triple Crown,,1930,AL,
grovele01,MVP,,1931,AL,
grovele01,Triple Crown,,1931,AL,
grubeke01,Gold Glove,,1990,AL,3B
guerrpe01,WS MVP,Y,1981,ML,
guidrro01,Cy Young,,1978,AL,
guidrro01,Gold Glove,,1982,AL,P
guidrro01,Gold Glove,,1983,AL,P
guidrro01,Gold Glove,,1984,AL,P
guidrro01,Gold Glove,,1985,AL,P
guidrro01,Gold Glove,,1986,AL,P
guilloz01,Rookie of the Year,,1985,AL,
guilloz01,Gold Glove,,1990,AL,SS
gwynnto01,Gold Glove,,1986,NL,OF
gwynnto01,Gold Glove,,1987,NL,OF
gwynnto01,Gold Glove,,1989,NL,OF
gwynnto01,Gold Glove,,1990,NL,OF
gwynnto01,Gold Glove,,1991,NL,OF
haddiha01,Gold Glove,,1958,NL,P
haddiha01,Gold Glove,,1959,NL,P
haddiha01,Gold Glove,,1960,NL,P
hamelbo01,Rookie of the Year,,1994,AL,
hamptmi01,NLCS MVP,,2000,NL,
hansero02,Rookie of the Year,,1960,AL,
hargrmi01,Rookie of the Year,,1974,AL,
harrebu01,Gold Glove,,1971,NL,SS
hartnga01,MVP,,1935,NL,
harvebr01,Rolaids Relief,,1991,AL,
heckegu01,Triple Crown,,1884,AA,
helmsto01,Rookie of the Year,,1966,NL,
helmsto01,Gold Glove,,1970,NL,2B
helmsto01,Gold Glove,,1971,NL,2B
heltoto01,Gold Glove,,2000,NL,1B
henderi01,Gold Glove,,1981,AL,OF
henderi01,ALCS MVP,,1989,AL,
henderi01,MVP,,1990,AL,
henketo01,Rolaids Relief,,1995,NL,
hentgpa01,Cy Young,,1996,AL,
hernake01,Gold Glove,,1978,NL,1B
hernake01,MVP,Y,1979,NL,
hernake01,Gold Glove,,1979,NL,1B
hernake01,Gold Glove,,1980,NL,1B
hernake01,Gold Glove,,1981,NL,1B
hernake01,Gold Glove,,1982,NL,1B
hernake01,Gold Glove,,1983,NL,1B
hernake01,Gold Glove,,1984,NL,1B
hernake01,Gold Glove,,1985,NL,1B
hernake01,Gold Glove,,1986,NL,1B
hernake01,Gold Glove,,1987,NL,1B
hernake01,Gold Glove,,1988,NL,1B
hernali01,NLCS MVP,,1997,NL,
hernali01,WS MVP,,1997,ML,
hernaor01,ALCS MVP,,1999,AL,
hernawi01,Cy Young,,1984,AL,
hernawi01,MVP,,1984,AL,
hershor01,Cy Young,,1988,NL,
hershor01,Gold Glove,,1988,NL,P
hershor01,NLCS MVP,,1988,NL,
hershor01,WS MVP,,1988,ML,
hershor01,ALCS MVP,,1995,AL,
herzowh01,Mgr of the year,,1985,NL,
hinespa01,Triple Crown,,1878,NL,
hitchst01,NLCS MVP,,1998,NL,
hodgegi01,Gold Glove,,1957,ML,1B
hodgegi01,Gold Glove,,1958,NL,1B
hodgegi01,Gold Glove,,1959,NL,1B
hoffmtr01,Rolaids Relief,,1998,NL,
hollaal01,Rolaids Relief,,1983,NL,
hollato01,Rookie of the Year,,1996,NL,
hootobu01,NLCS MVP,,1981,NL,
hornebo01,Rookie of the Year,,1978,NL,
hornsro01,Triple Crown,,1922,NL,
hornsro01,MVP,,1925,NL,
hornsro01,Triple Crown,,1925,NL,
hornsro01,MVP,,1929,NL,
howarel01,Gold Glove,,1963,AL,C
howarel01,MVP,,1963,AL,
howarel01,Gold Glove,,1964,AL,C
howarfr01,Rookie of the Year,,1960,NL,
howest01,Rookie of the Year,,1980,NL,
hoytla01,Cy Young,,1983,AL,
hoytla01,AS MVP,,1985,ML,
hubbeca01,MVP,,1933,NL,
hubbeca01,MVP,,1936,NL,
hubbske01,Gold Glove,,1962,NL,2B
hubbske01,Rookie of the Year,,1962,NL,
hundlra01,Gold Glove,,1967,NL,C
hunteca01,Cy Young,,1974,AL,
hunteto01,Gold Glove,,2000,AL,OF
ichiro,MVP,,2001,AL,
ichiro,Rookie of the Year,,2001,NL,
jacksbo01,AS MVP,,1989,ML,
jacksre01,MVP,,1973,AL,
jacksre01,WS MVP,,1973,ML,
jacksre01,WS MVP,,1977,ML,
jenkife01,Cy Young,,1971,NL,
jenseja01,MVP,,1958,AL,
jenseja01,Gold Glove,,1959,AL,RF
jeterde01,Rookie of the Year,,1996,AL,
jeterde01,AS MVP,,2000,ML,
jeterde01,WS MVP,,2000,ML,
jethrsa01,Rookie of the Year,,1950,NL,
johnsch04,Gold Glove,,1995,NL,C
johnsch04,Gold Glove,,1996,NL,C
johnsch04,Gold Glove,,1997,NL,C
johnsch04,Gold Glove,,1998,NL,C
johnsda02,Gold Glove,,1969,AL,2B
johnsda02,Gold Glove,,1970,AL,2B
johnsda02,Gold Glove,,1971,AL,2B
johnsda02,Mgr of the year,,1997,AL,
johnsra05,Cy Young,,1995,AL,
johnsra05,Cy Young,,1999,NL,
johnsra05,Cy Young,,2000,NL,
johnsra05,WS MVP,Y,2001,ML,
johnsra05,Cy Young,,2001,NL,
johnswa01,MVP,,1913,AL,
johnswa01,Triple Crown,,1913,AL,
johnswa01,Triple Crown,,1918,AL,
johnswa01,MVP,,1924,AL,
johnswa01,Triple Crown,,1924,AL,
jonesan01,Gold Glove,,1998,NL,OF
jonesan01,Gold Glove,,1999,NL,OF
jonesan01,Gold Glove,,2000,NL,OF
jonesan01,Gold Glove,,2000,NL,OF
jonesch06,MVP,,1999,NL,
jonesra01,Cy Young,,1976,NL,
jonesto02,Rolaids Relief,,2000,AL,
jorgemi01,Gold Glove,,1973,NL,1B
justida01,Rookie of the Year,,1990,NL,
justida01,ALCS MVP,,2000,AL,
kaatji01,Gold Glove,,1962,AL,P
kaatji01,Gold Glove,,1963,AL,P
kaatji01,Gold Glove,,1964,AL,P
kaatji01,Gold Glove,,1965,AL,P
kaatji01,Gold Glove,,1966,AL,P
kaatji01,Gold Glove,,1967,AL,P
kaatji01,Gold Glove,,1968,AL,P
kaatji01,Gold Glove,,1969,AL,P
kaatji01,Gold Glove,,1970,AL,P
kaatji01,Gold Glove,,1971,AL,P
kaatji01,Gold Glove,,1972,AL,P
kaatji01,Gold Glove,,1973,AL,P
kaatji01,Gold Glove,,1974,AL,P
kaatji01,Gold Glove,,1975,AL,P
kaatji01,Gold Glove,,1976,NL,P
kaatji01,Gold Glove,,1977,NL,P
kalinal01,Gold Glove,,1957,ML,RF
kalinal01,Gold Glove,,1958,AL,RF
kalinal01,Gold Glove,,1959,AL,CF
kalinal01,Gold Glove,,1961,AL,OF
kalinal01,Gold Glove,,1962,AL,OF
kalinal01,Gold Glove,,1963,AL,OF
kalinal01,Gold Glove,,1964,AL,OF
kalinal01,Gold Glove,,1965,AL,OF
kalinal01,Gold Glove,,1966,AL,OF
kalinal01,Gold Glove,,1967,AL,OF
karroer01,Rookie of the Year,,1992,NL,
keefeti01,Triple Crown,,1888,NL,
kellyto01,Mgr of the year,,1991,AL,
kentje01,MVP,,2000,NL,
kernji01,Rolaids Relief,,1979,AL,
kessido01,Gold Glove,,1969,NL,SS
kessido01,Gold Glove,,1970,NL,SS
killeha01,MVP,,1969,AL,
kittlro01,Rookie of the Year,,1983,AL,
kleinch01,MVP,,1932,NL,
kleinch01,Triple Crown,,1933,NL,
knighra01,WS MVP,,1986,ML,
knoblch01,Rookie of the Year,,1991,AL,
knoblch01,Gold Glove,,1997,AL,2B
knoopbo01,Gold Glove,,1966,AL,2B
knoopbo01,Gold Glove,,1967,AL,2B
knoopbo01,Gold Glove,,1968,AL,2B
konstji01,MVP,,1950,NL,
koufasa01,Cy Young,,1963,ML,
koufasa01,MVP,,1963,NL,
koufasa01,Triple Crown,,1963,NL,
koufasa01,WS MVP,,1963,ML,
koufasa01,Cy Young,,1965,ML,
koufasa01,Triple Crown,,1965,NL,
koufasa01,WS MVP,,1965,ML,
koufasa01,Cy Young,,1966,ML,
koufasa01,Triple Crown,,1966,NL,
kubekto01,Rookie of the Year,,1957,AL,
kuennha01,Rookie of the Year,,1953,AL,
lajoina01,Triple Crown,,1901,AL,
lamonge01,Mgr of the year,,1993,AL,
landiji01,Gold Glove,,1960,AL,CF
landiji01,Gold Glove,,1961,AL,OF
landiji01,Gold Glove,,1962,AL,OF
landiji01,Gold Glove,,1963,AL,OF
landiji01,Gold Glove,,1964,AL,OF
langsma01,Gold Glove,,1987,AL,P
langsma01,Gold Glove,,1988,AL,P
langsma01,Gold Glove,,1991,AL,P
langsma01,Gold Glove,,1992,AL,P
langsma01,Gold Glove,,1993,AL,P
langsma01,Gold Glove,,1994,AL,P
langsma01,Gold Glove,,1995,AL,P
lanieha01,Mgr of the year,,1986,NL,
larkiba01,Gold Glove,,1994,NL,SS
larkiba01,Gold Glove,,1995,NL,SS
larkiba01,MVP,,1995,NL,
larkiba01,Gold Glove,,1996,NL,SS
larsedo01,WS MVP,,1956,ML,
larusto01,Mgr of the year,,1983,AL,
larusto01,Mgr of the year,,1988,AL,
larusto01,Mgr of the year,,1992,AL,
laryfr01,Gold Glove,,1961,AL,P
lasorto01,Mgr of the year,,1983,NL,
lasorto01,Mgr of the year,,1988,NL,
lavalmi01,Gold Glove,,1987,NL,C
lawve01,Cy Young,,1960,ML,
lefebji01,Rookie of the Year,,1965,NL,
leonaje01,NLCS MVP,,1987,NL,
lewisda01,Gold Glove,,1994,NL,OF
leylaji99,Mgr of the year,,1990,NL,
leylaji99,Mgr of the year,,1992,NL,
lezcasi01,Gold Glove,,1979,AL,OF
liebemi01,Gold Glove,,1999,NL,C
lindjo01,Gold Glove,,1992,NL,2B
listapa01,Rookie of the Year,,1992,AL,
loftoke01,Gold Glove,,1993,AL,OF
loftoke01,Gold Glove,,1994,AL,OF
loftoke01,Gold Glove,,1995,AL,OF
loftoke01,Gold Glove,,1996,AL,OF
lolicmi01,WS MVP,,1968,ML,
lollash01,Gold Glove,,1957,ML,C
lollash01,Gold Glove,,1958,AL,C
lollash01,Gold Glove,,1959,AL,C
lombaer01,MVP,,1938,NL,
lonboji01,Cy Young,,1967,AL,
lopesda01,Gold Glove,,1978,NL,2B
lopezja01,NLCS MVP,,1996,NL,
lylesp01,Cy Young,,1977,AL,
lynnfr01,Gold Glove,,1975,AL,OF
lynnfr01,MVP,,1975,AL,
lynnfr01,Rookie of the Year,,1975,AL,
lynnfr01,Gold Glove,,1978,AL,OF
lynnfr01,Gold Glove,,1979,AL,OF
lynnfr01,Gold Glove,,1980,AL,OF
lynnfr01,ALCS MVP,,1982,AL,
lynnfr01,AS MVP,,1983,ML,
maddoga01,Gold Glove,,1975,NL,OF
maddoga01,Gold Glove,,1976,NL,OF
maddoga01,Gold Glove,,1977,NL,OF
maddoga01,Gold Glove,,1978,NL,OF
maddoga01,Gold Glove,,1979,NL,OF
maddoga01,Gold Glove,,1980,NL,OF
maddoga01,Gold Glove,,1981,NL,OF
maddoga01,Gold Glove,,1982,NL,OF
maddugr01,Gold Glove,,1990,NL,P
maddugr01,Gold Glove,,1991,NL,P
maddugr01,Cy Young,,1992,NL,
maddugr01,Gold Glove,,1992,NL,P
maddugr01,Cy Young,,1993,NL,
maddugr01,Gold Glove,,1993,NL,P
maddugr01,Cy Young,,1994,NL,
maddugr01,Gold Glove,,1994,NL,P
maddugr01,Cy Young,,1995,NL,
maddugr01,Gold Glove,,1995,NL,P
maddugr01,Gold Glove,,1996,NL,P
maddugr01,Gold Glove,,1997,NL,P
maddugr01,Gold Glove,,1998,NL,P
maddugr01,Gold Glove,,1999,NL,P
maddugr01,Gold Glove,,2000,NL,P
maddugr01,Gold Glove,,2000,NL,P
madlobi01,AS MVP,Y,1975,ML,
malzofr01,Gold Glove,,1957,ML,3B
malzofr01,Gold Glove,,1958,AL,3B
malzofr01,Gold Glove,,1959,AL,3B
manniri01,Gold Glove,,1976,AL,OF
mantlmi01,MVP,,1956,AL,
mantlmi01,Triple Crown,,1956,AL,
mantlmi01,MVP,,1957,AL,
mantlmi01,Gold Glove,,1962,AL,OF
mantlmi01,MVP,,1962,AL,
manueje01,Mgr of the year,,2000,AL,
manwaki01,Gold Glove,,1993,NL,C
maricju01,AS MVP,,1965,ML,
marioma01,MVP,,1944,NL,
marisro01,Gold Glove,,1960,AL,RF
marisro01,MVP,,1960,AL,
marisro01,MVP,,1961,AL,
marshmi01,Cy Young,,1974,NL,
martipe02,Cy Young,,1997,NL,
martipe02,AS MVP,,1999,ML,
martipe02,Cy Young,,1999,AL,
martipe02,Triple Crown,,1999,AL,
martipe02,Cy Young,,2000,AL,
mathech01,Triple Crown,,1905,NL,
mathech01,Triple Crown,,1908,NL,
mathemi01,Gold Glove,,2000,NL,C
matlajo01,Rookie of the Year,,1972,NL,
matlajo01,AS MVP,Y,1975,ML,
matthga01,Rookie of the Year,,1973,NL,
matthga01,NLCS MVP,,1983,NL,
mattido01,Gold Glove,,1985,AL,1B
mattido01,MVP,,1985,AL,
mattido01,Gold Glove,,1986,AL,1B
mattido01,Gold Glove,,1987,AL,1B
mattido01,Gold Glove,,1988,AL,1B
mattido01,Gold Glove,,1989,AL,1B
mattido01,Gold Glove,,1991,AL,1B
mattido01,Gold Glove,,1992,AL,1B
mattido01,Gold Glove,,1993,AL,1B
mattido01,Gold Glove,,1994,AL,1B
maxvida01,Gold Glove,,1968,NL,SS
mayswi01,Rookie of the Year,,1951,NL,
mayswi01,MVP,,1954,NL,
mayswi01,Gold Glove,,1957,ML,CF
mayswi01,Gold Glove,,1958,NL,CF
mayswi01,Gold Glove,,1959,NL,CF
mayswi01,Gold Glove,,1960,NL,CF
mayswi01,Gold Glove,,1961,NL,OF
mayswi01,Gold Glove,,1962,NL,OF
mayswi01,AS MVP,,1963,ML,
mayswi01,Gold Glove,,1963,NL,OF
mayswi01,Gold Glove,,1964,NL,OF
mayswi01,Gold Glove,,1965,NL,OF
mayswi01,MVP,,1965,NL,
mayswi01,Gold Glove,,1966,NL,OF
mayswi01,Gold Glove,,1967,NL,OF
mayswi01,AS MVP,,1968,ML,
mayswi01,Gold Glove,,1968,NL,OF
mazerbi01,Gold Glove,,1958,NL,2B
mazerbi01,Gold Glove,,1960,NL,2B
mazerbi01,Gold Glove,,1961,NL,2B
mazerbi01,Gold Glove,,1963,NL,2B
mazerbi01,Gold Glove,,1964,NL,2B
mazerbi01,Gold Glove,,1965,NL,2B
mazerbi01,Gold Glove,,1966,NL,2B
mazerbi01,Gold Glove,,1967,NL,2B
mcbriba01,Rookie of the Year,,1974,NL,
mccorfr01,MVP,,1940,NL,
mccormi03,Cy Young,,1967,NL,
mccovwi01,Rookie of the Year,,1959,NL,
mccovwi01,AS MVP,,1969,ML,
mccovwi01,MVP,,1969,NL,
mcdougi01,Rookie of the Year,,1951,AL,
mcdowja01,Cy Young,,1993,AL,
mcgeewi01,Gold Glove,,1983,NL,OF
mcgeewi01,Gold Glove,,1985,NL,OF
mcgeewi01,MVP,,1985,NL,
mcgeewi01,Gold Glove,,1986,NL,OF
mcgrifr01,AS MVP,,1994,ML,
mcgwima01,Rookie of the Year,,1987,AL,
mcgwima01,Gold Glove,,1990,AL,1B
mckeoja99,Mgr of the year,,1999,NL,
mclaide01,Cy Young,,1968,AL,
mclaide01,MVP,,1968,AL,
mclaide01,Cy Young,Y,1969,AL,
mcmilro01,Gold Glove,,1957,ML,SS
mcmilro01,Gold Glove,,1958,NL,SS
mcmilro01,Gold Glove,,1959,NL,SS
mcnamjo99,Mgr of the year,,1986,AL,
medwijo01,MVP,,1937,NL,
medwijo01,Triple Crown,,1937,NL,
mesajo01,Rolaids Relief,,1995,AL,
messean01,Gold Glove,,1974,NL,P
messean01,Gold Glove,,1975,NL,P
metzgbu01,Rookie of the Year,,1976,NL,
metzgro01,Gold Glove,,1973,NL,SS
mientdo01,Gold Glove,,2000,AL,1B
millafe01,Gold Glove,,1969,NL,2B
millafe01,Gold Glove,,1972,NL,2B
milleri01,Gold Glove,,1978,AL,OF
minosmi01,Gold Glove,,1957,ML,LF
minosmi01,Gold Glove,,1959,AL,LF
minosmi01,Gold Glove,,1960,AL,LF
mitchke01,MVP,,1989,NL,
molitpa01,WS MVP,,1993,ML,
mondera01,Rookie of the Year,,1994,NL,
mondera01,Gold Glove,,1995,NL,OF
mondera01,Gold Glove,,1997,NL,OF
montejo01,Rookie of the Year,,1975,NL,
montgje01,Rolaids Relief,,1993,AL,
moonwa01,Rookie of the Year,,1954,NL,
moonwa01,Gold Glove,,1960,NL,LF
morgajo02,AS MVP,,1972,ML,
morgajo02,Gold Glove,,1973,NL,2B
morgajo02,Gold Glove,,1974,NL,2B
morgajo02,Gold Glove,,1975,NL,2B
morgajo02,MVP,,1975,NL,
morgajo02,Gold Glove,,1976,NL,2B
morgajo02,MVP,,1976,NL,
morgajo02,Gold Glove,,1977,NL,2B
morrija02,WS MVP,,1991,ML,
mortoca01,Rookie of the Year,,1970,NL,
munsoth01,Rookie of the Year,,1970,AL,
munsoth01,Gold Glove,,1973,AL,C
munsoth01,Gold Glove,,1974,AL,C
munsoth01,Gold Glove,,1975,AL,C
munsoth01,MVP,,1976,AL,
murcebo01,Gold Glove,,1972,AL,OF
murphda05,Gold Glove,,1982,NL,OF
murphda05,MVP,,1982,NL,
murphda05,Gold Glove,,1983,NL,OF
murphda05,MVP,,1983,NL,
murphda05,Gold Glove,,1984,NL,OF
murphda05,Gold Glove,,1985,NL,OF
murphda05,Gold Glove,,1986,NL,OF
murphdw01,Gold Glove,,1980,AL,OF
murphdw01,Gold Glove,,1981,AL,OF
murphdw01,Gold Glove,,1982,AL,OF
murphdw01,Gold Glove,,1983,AL,OF
murphdw01,Gold Glove,,1984,AL,OF
murphdw01,Gold Glove,Y,1985,AL,OF
murraed02,Rookie of the Year,,1977,AL,
murraed02,Gold Glove,,1982,AL,1B
murraed02,Gold Glove,,1983,AL,1B
murraed02,Gold Glove,,1984,AL,1B
musiast01,MVP,,1943,NL,
musiast01,MVP,,1946,NL,
musiast01,MVP,,1948,NL,
mussimi01,Gold Glove,,1996,AL,P
mussimi01,Gold Glove,,1997,AL,P
mussimi01,Gold Glove,,1998,AL,P
mussimi01,Gold Glove,,1999,AL,P
mussimi01,Gold Glove,,2000,AL,P
myersra01,NLCS MVP,,1990,NL,
myersra01,Rolaids Relief,,1993,NL,
myersra01,Rolaids Relief,,1997,AL,
nealch01,Gold Glove,,1959,NL,2B
nettlgr01,Gold Glove,,1977,AL,3B
nettlgr01,Gold Glove,,1978,AL,3B
nettlgr01,ALCS MVP,,1981,AL,
newcodo01,Rookie of the Year,,1949,NL,
newcodo01,Cy Young,,1956,ML,
newcodo01,MVP,,1956,NL,
newhoha01,MVP,,1944,AL,
newhoha01,MVP,,1945,AL,
newhoha01,Triple Crown,,1945,AL,
niekrph01,Gold Glove,,1978,NL,P
niekrph01,Gold Glove,,1979,NL,P
niekrph01,Gold Glove,,1980,NL,P
niekrph01,Gold Glove,,1982,NL,P
niekrph01,Gold Glove,,1983,NL,P
nomohi01,Rookie of the Year,,1995,NL,
norrimi01,Gold Glove,,1980,AL,P
norrimi01,Gold Glove,,1981,AL,P
oatesjo01,Mgr of the year,Y,1996,AL,
o'farbo01,MVP,,1926,NL,
olerujo01,Gold Glove,,2000,AL,1B
olivato01,Rookie of the Year,,1964,AL,
olivato01,Gold Glove,,1966,AL,OF
olsongr01,Rookie of the Year,,1989,AL,
ordonre01,Gold Glove,,1997,NL,SS
ordonre01,Gold Glove,,1998,NL,SS
ordonre01,Gold Glove,,1999,NL,SS
otisam01,Gold Glove,,1971,AL,OF
otisam01,Gold Glove,,1973,AL,OF
otisam01,Gold Glove,,1974,AL,OF
pagnoto01,Gold Glove,,1991,NL,C
pagnoto01,Gold Glove,,1992,NL,C
pagnoto01,Gold Glove,,1994,NL,C
palmeji01,Cy Young,,1973,AL,
palmeji01,Cy Young,,1975,AL,
palmeji01,Cy Young,,1976,AL,
palmeji01,Gold Glove,,1976,AL,P
palmeji01,Gold Glove,,1977,AL,P
palmeji01,Gold Glove,,1978,AL,P
palmeji01,Gold Glove,,1979,AL,P
palmera01,Gold Glove,,1997,AL,1B
palmera01,Gold Glove,,1998,AL,1B
palmera01,Gold Glove,,1999,AL,1B
parkeda01,Gold Glove,,1977,NL,OF
parkeda01,Gold Glove,,1978,NL,OF
parkeda01,MVP,,1978,NL,
parkeda01,AS MVP,,1979,ML,
parkeda01,Gold Glove,,1979,NL,OF
parkewe01,Gold Glove,,1967,NL,1B
parkewe01,Gold Glove,,1968,NL,1B
parkewe01,Gold Glove,,1969,NL,1B
parkewe01,Gold Glove,,1970,NL,1B
parkewe01,Gold Glove,,1971,NL,1B
parkewe01,Gold Glove,,1972,NL,1B
parrila02,Gold Glove,,1983,AL,C
parrila02,Gold Glove,,1984,AL,C
parrila02,Gold Glove,,1985,AL,C
pearsal02,Rookie of the Year,,1958,AL,
peckiro01,MVP,,1925,AL,
penato01,Gold Glove,,1983,NL,C
penato01,Gold Glove,,1984,NL,C
penato01,Gold Glove,,1985,NL,C
penato01,Gold Glove,,1991,AL,C
pendlte01,Gold Glove,,1987,NL,3B
pendlte01,Gold Glove,,1989,NL,3B
pendlte01,MVP,,1991,NL,
pendlte01,Gold Glove,,1992,NL,3B
pepitjo01,Gold Glove,,1965,AL,1B
pepitjo01,Gold Glove,,1966,AL,1B
pepitjo01,Gold Glove,,1969,AL,1B
perezed02,NLCS MVP,,1999,NL,
perezne01,Gold Glove,,2000,NL,SS
perezto01,AS MVP,,1967,ML,
perryga01,Cy Young,,1972,AL,
perryga01,Cy Young,,1978,NL,
perryji01,Cy Young,,1970,AL,
peterga01,Rookie of the Year,,1963,AL,
pettiga01,Gold Glove,,1985,AL,OF
pettiga01,Gold Glove,,1986,AL,OF
pettiga01,Gold Glove,,1988,AL,OF
pettiga01,Gold Glove,,1989,AL,OF
pettiga01,Gold Glove,,1990,AL,OF
pettitte,ALCS MVP,,2001,AL,
piazzmi01,Rookie of the Year,,1993,NL,
piazzmi01,AS MVP,,1996,ML,
piersji01,Gold Glove,,1958,AL,CF
piersji01,Gold Glove,,1961,AL,OF
pinielo01,Rookie of the Year,,1969,AL,
pinielo01,Mgr of the year,,1995,AL,
pinielo01,Mgr of the year,,2001,AL,
pinsova01,Gold Glove,,1961,NL,OF
podrejo01,WS MVP,,1955,ML,
porteda02,NLCS MVP,,1982,NL,
porteda02,WS MVP,,1982,ML,
powelbo01,MVP,,1970,AL,
powervi01,Gold Glove,,1958,AL,1B
powervi01,Gold Glove,,1959,AL,1B
powervi01,Gold Glove,,1960,AL,1B
powervi01,Gold Glove,,1961,AL,1B
powervi01,Gold Glove,,1962,AL,1B
powervi01,Gold Glove,,1963,AL,1B
powervi01,Gold Glove,,1964,AL,1B
puckeki01,Gold Glove,,1986,AL,OF
puckeki01,Gold Glove,,1987,AL,OF
puckeki01,Gold Glove,,1988,AL,OF
puckeki01,Gold Glove,,1989,AL,OF
puckeki01,ALCS MVP,,1991,AL,
puckeki01,Gold Glove,,1991,AL,OF
puckeki01,Gold Glove,,1992,AL,OF
puckeki01,AS MVP,,1993,ML,
pujols,Rookie of the Year,,2001,AL,
quiseda01,Rolaids Relief,,1980,AL,
quiseda01,Rolaids Relief,,1982,AL,
quiseda01,Rolaids Relief,,1983,AL,
quiseda01,Rolaids Relief,,1984,AL,
quiseda01,Rolaids Relief,,1985,AL,
radboch01,Triple Crown,,1884,NL,
raderdo02,Gold Glove,,1970,NL,3B
raderdo02,Gold Glove,,1971,NL,3B
raderdo02,Gold Glove,,1972,NL,3B
raderdo02,Gold Glove,,1973,NL,3B
raderdo02,Gold Glove,,1974,NL,3B
raineti01,AS MVP,,1987,ML,
reardje01,Rolaids Relief,,1985,NL,
reesepo01,Gold Glove,,1999,NL,2B
reesepo01,Gold Glove,,2000,NL,2B
reitzke01,Gold Glove,,1975,NL,3B
reuscri01,Gold Glove,,1985,NL,P
reuscri01,Gold Glove,,1987,NL,P
reynoha01,Gold Glove,,1988,AL,2B
reynoha01,Gold Glove,,1989,AL,2B
reynoha01,Gold Glove,,1990,AL,2B
riceji01,MVP,,1978,AL,
richabo01,WS MVP,,1960,ML,
richabo01,Gold Glove,,1961,AL,2B
richabo01,Gold Glove,,1962,AL,2B
richabo01,Gold Glove,,1963,AL,2B
richabo01,Gold Glove,,1964,AL,2B
richabo01,Gold Glove,,1965,AL,2B
righeda01,Rookie of the Year,,1981,AL,
righeda01,Rolaids Relief,,1986,AL,
righeda01,Rolaids Relief,,1987,AL,
rijojo01,WS MVP,,1990,ML,
ripkeca01,Rookie of the Year,,1982,AL,
ripkeca01,MVP,,1983,AL,
ripkeca01,AS MVP,,1991,ML,
ripkeca01,Gold Glove,,1991,AL,SS
ripkeca01,MVP,,1991,AL,
ripkeca01,Gold Glove,,1992,AL,SS
ripkeca01,AS MVP,,2001,ML,
riverma01,Rolaids Relief,,1999,AL,
riverma01,WS MVP,,1999,ML,
riverma01,Rolaids Relief,,2001,AL,
rizzuph01,MVP,,1950,AL,
robinbr01,Gold Glove,,1960,AL,3B
robinbr01,Gold Glove,,1961,AL,3B
robinbr01,Gold Glove,,1962,AL,3B
robinbr01,Gold Glove,,1963,AL,3B
robinbr01,Gold Glove,,1964,AL,3B
robinbr01,MVP,,1964,AL,
robinbr01,Gold Glove,,1965,AL,3B
robinbr01,AS MVP,,1966,ML,
robinbr01,Gold Glove,,1966,AL,3B
robinbr01,Gold Glove,,1967,AL,3B
robinbr01,Gold Glove,,1968,AL,3B
robinbr01,Gold Glove,,1969,AL,3B
robinbr01,Gold Glove,,1970,AL,3B
robinbr01,WS MVP,,1970,ML,
robinbr01,Gold Glove,,1971,AL,3B
robinbr01,Gold Glove,,1972,AL,3B
robinbr01,Gold Glove,,1973,AL,3B
robinbr01,Gold Glove,,1974,AL,3B
robinbr01,Gold Glove,,1975,AL,3B
robinfr02,Rookie of the Year,,1956,NL,
robinfr02,Gold Glove,,1958,NL,LF
robinfr02,MVP,,1961,NL,
robinfr02,MVP,,1966,AL,
robinfr02,Triple Crown,,1966,AL,
robinfr02,WS MVP,,1966,ML,
robinfr02,AS MVP,,1971,ML,
robinfr02,Mgr of the year,,1989,AL,
robinja02,Rookie of the Year,,1947,ML,
robinja02,MVP,,1949,NL,
rodgebu01,Mgr of the year,,1987,NL,
rodriau01,Gold Glove,,1976,AL,3B
rodriiv01,Gold Glove,,1992,AL,C
rodriiv01,Gold Glove,,1993,AL,C
rodriiv01,Gold Glove,,1994,AL,C
rodriiv01,Gold Glove,,1995,AL,C
rodriiv01,Gold Glove,,1996,AL,C
rodriiv01,Gold Glove,,1997,AL,C
rodriiv01,Gold Glove,,1998,AL,C
rodriiv01,Gold Glove,,1999,AL,C
rodriiv01,MVP,,1999,AL,
rodriiv01,Gold Glove,,2000,AL,C
rodriiv01,Gold Glove,,2000,AL,C
rogerke01,Gold Glove,,2000,AL,P
rolensc01,Rookie of the Year,,1997,NL,
rolensc01,Gold Glove,,1998,NL,3B
rolensc01,Gold Glove,,2000,NL,3B
rolensc01,Gold Glove,,2000,NL,3B
rosebjo01,Gold Glove,,1961,NL,C
rosebjo01,Gold Glove,,1966,NL,C
rosenal01,MVP,,1953,AL,
rosepe01,Rookie of the Year,,1963,NL,
rosepe01,Gold Glove,,1969,NL,OF
rosepe01,Gold Glove,,1970,NL,OF
rosepe01,MVP,,1973,NL,
rosepe01,WS MVP,,1975,ML,
rudijo01,Gold Glove,,1974,AL,OF
rudijo01,Gold Glove,,1975,AL,OF
rudijo01,Gold Glove,,1976,AL,OF
rusieam01,Triple Crown,,1894,NL,
russeje01,Rolaids Relief,,1989,AL,
ruthba01,MVP,,1923,AL,
saberbr01,Cy Young,,1985,AL,
saberbr01,WS MVP,,1985,ML,
saberbr01,Cy Young,,1989,AL,
saberbr01,Gold Glove,,1989,AL,P
saboch01,Rookie of the Year,,1988,NL,
salmoti01,Rookie of the Year,,1993,AL,
sandbry01,Gold Glove,,1983,NL,2B
sandbry01,Gold Glove,,1984,NL,2B
sandbry01,MVP,,1984,NL,
sandbry01,Gold Glove,,1985,NL,2B
sandbry01,Gold Glove,,1986,NL,2B
sandbry01,Gold Glove,,1987,NL,2B
sandbry01,Gold Glove,,1988,NL,2B
sandbry01,Gold Glove,,1989,NL,2B
sandbry01,Gold Glove,,1990,NL,2B
sandbry01,Gold Glove,,1991,NL,2B
sanfoja02,Rookie of the Year,,1957,NL,
santibe01,Rookie of the Year,,1987,NL,
santibe01,Gold Glove,,1988,NL,C
santibe01,Gold Glove,,1989,NL,C
santibe01,Gold Glove,,1990,NL,C
santoro01,Gold Glove,,1964,NL,3B
santoro01,Gold Glove,,1965,NL,3B
santoro01,Gold Glove,,1966,NL,3B
santoro01,Gold Glove,,1967,NL,3B
santoro01,Gold Glove,,1968,NL,3B
sasakka01,Rookie of the Year,,2000,AL,
sauerha01,MVP,,1952,NL,
saxst01,Rookie of the Year,,1982,NL,
schilcu01,NLCS MVP,,1993,NL,
schilcu01,WS MVP,Y,2001,ML,
schmimi01,Gold Glove,,1976,NL,3B
schmimi01,Gold Glove,,1977,NL,3B
schmimi01,Gold Glove,,1978,NL,3B
schmimi01,Gold Glove,,1979,NL,3B
schmimi01,Gold Glove,,1980,NL,3B
schmimi01,MVP,,1980,NL,
schmimi01,WS MVP,,1980,ML,
schmimi01,Gold Glove,,1981,NL,3B
schmimi01,MVP,,1981,NL,
schmimi01,Gold Glove,,1982,NL,3B
schmimi01,Gold Glove,,1983,NL,3B
schmimi01,Gold Glove,,1984,NL,3B
schmimi01,Gold Glove,,1986,NL,3B
schmimi01,MVP,,1986,NL,
schulfr01,MVP,,1911,NL,
schwado01,Rookie of the Year,,1961,AL,
scorehe01,Rookie of the Year,,1955,AL,
scottge02,Gold Glove,,1967,AL,1B
scottge02,Gold Glove,,1968,AL,1B
scottge02,Gold Glove,,1971,AL,1B
scottge02,Gold Glove,,1972,AL,1B
scottge02,Gold Glove,,1973,AL,1B
scottge02,Gold Glove,,1974,AL,1B
scottge02,Gold Glove,,1975,AL,1B
scottge02,Gold Glove,,1976,AL,1B
scottmi03,Cy Young,,1986,NL,
scottmi03,NLCS MVP,,1986,NL,
seaveto01,Rookie of the Year,,1967,NL,
seaveto01,Cy Young,,1969,NL,
seaveto01,Cy Young,,1973,NL,
seaveto01,Cy Young,,1975,NL,
shantbo01,MVP,,1952,AL,
shantbo01,Gold Glove,,1957,ML,P
shantbo01,Gold Glove,,1958,AL,P
shantbo01,Gold Glove,,1959,AL,P
shantbo01,Gold Glove,,1960,AL,P
shantbo01,Gold Glove,,1961,NL,P
shantbo01,Gold Glove,,1962,NL,P
shantbo01,Gold Glove,,1963,NL,P
shantbo01,Gold Glove,,1964,NL,P
shawje01,Rolaids Relief,,1997,NL,
sherrla01,WS MVP,,1959,ML,
showabu99,Mgr of the year,,1994,AL,
siebeno01,Gold Glove,,1958,AL,LF
sievero01,Rookie of the Year,,1949,AL,
sislege01,MVP,,1922,AL,
sizemte01,Rookie of the Year,,1969,NL,
smithle02,Rolaids Relief,,1991,NL,
smithle02,Rolaids Relief,,1992,NL,
smithle02,Rolaids Relief,,1994,AL,
smithoz01,Gold Glove,,1980,NL,SS
smithoz01,Gold Glove,,1981,NL,SS
smithoz01,Gold Glove,,1982,NL,SS
smithoz01,Gold Glove,,1983,NL,SS
smithoz01,Gold Glove,,1984,NL,SS
smithoz01,Gold Glove,,1985,NL,SS
smithoz01,NLCS MVP,,1985,NL,
smithoz01,Gold Glove,,1986,NL,SS
smithoz01,Gold Glove,,1987,NL,SS
smithoz01,Gold Glove,,1988,NL,SS
smithoz01,Gold Glove,,1989,NL,SS
smithoz01,Gold Glove,,1990,NL,SS
smithoz01,Gold Glove,,1991,NL,SS
smithoz01,Gold Glove,,1992,NL,SS
smithre06,Gold Glove,,1968,AL,OF
smoltjo01,NLCS MVP,,1992,NL,
smoltjo01,Cy Young,,1996,NL,
snowj.01,Gold Glove,,1995,AL,1B
snowj.01,Gold Glove,,1996,AL,1B
snowj.01,Gold Glove,,1997,NL,1B
snowj.01,Gold Glove,,1998,NL,1B
snowj.01,Gold Glove,,1999,NL,1B
snowj.01,Gold Glove,,2000,NL,1B
sosasa01,MVP,,1998,NL,
spahnwa01,Cy Young,,1957,ML,
speaktr01,MVP,,1912,AL,
spencji01,Gold Glove,,1970,AL,1B
spencji01,Gold Glove,,1977,AL,1B
squirmi01,Gold Glove,,1981,AL,1B
stanlmi01,Gold Glove,,1968,AL,OF
stanlmi01,Gold Glove,,1969,AL,OF
stanlmi01,Gold Glove,,1970,AL,OF
stanlmi01,Gold Glove,,1973,AL,OF
stargwi01,MVP,Y,1979,NL,
stargwi01,NLCS MVP,,1979,NL,
stargwi01,WS MVP,,1979,ML,
steinte01,AS MVP,,1988,ML,
stewada01,WS MVP,,1989,ML,
stewada01,ALCS MVP,,1990,AL,
stewada01,ALCS MVP,,1993,AL,
stonest01,Cy Young,,1980,AL,
strawda01,Rookie of the Year,,1983,NL,
sundbji01,Gold Glove,,1976,AL,C
sundbji01,Gold Glove,,1977,AL,C
sundbji01,Gold Glove,,1978,AL,C
sundbji01,Gold Glove,,1979,AL,C
sundbji01,Gold Glove,,1980,AL,C
sundbji01,Gold Glove,,1981,AL,C
sutclri01,Rookie of the Year,,1979,NL,
sutclri01,Cy Young,,1984,NL,
suttebr01,Cy Young,,1979,NL,
suttebr01,Rolaids Relief,,1979,NL,
suttebr01,Rolaids Relief,,1981,NL,
suttebr01,Rolaids Relief,,1982,NL,
suttebr01,Rolaids Relief,,1984,NL,
suttodo01,AS MVP,,1977,ML,
suzukic01,Gold Glove,,2000,AL,OF
tenacge01,WS MVP,,1972,ML,
terryra01,WS MVP,,1962,ML,
thigpbo01,Rolaids Relief,,1990,AL,
thomafr04,MVP,,1993,AL,
thomafr04,MVP,,1994,AL,
thompro01,Gold Glove,,1993,NL,2B
torboje01,Mgr of the year,,1990,AL,
torrejo01,Gold Glove,,1965,NL,C
torrejo01,MVP,,1971,NL,
torrejo01,Mgr of the year,Y,1996,AL,
torrejo01,Mgr of the year,,1998,AL,
trammal01,Gold Glove,,1980,AL,SS
trammal01,Gold Glove,,1981,AL,SS
trammal01,Gold Glove,,1983,AL,SS
trammal01,Gold Glove,,1984,AL,SS
trammal01,WS MVP,,1984,ML,
treshto01,Rookie of the Year,,1962,AL,
treshto01,Gold Glove,,1965,AL,OF
trillma01,Gold Glove,,1979,NL,2B
trillma01,NLCS MVP,,1980,NL,
trillma01,Gold Glove,,1981,NL,2B
trillma01,Gold Glove,,1982,NL,2B
turlebo01,Cy Young,,1958,ML,
turlebo01,WS MVP,,1958,ML,
valenel01,Gold Glove,,1978,NL,OF
valenfe01,Cy Young,,1981,NL,
valenfe01,Rookie of the Year,,1981,NL,
valenfe01,Gold Glove,,1986,NL,P
vanceda01,MVP,,1924,NL,
vanceda01,Triple Crown,,1924,NL,
vanslan01,Gold Glove,,1988,NL,OF
vanslan01,Gold Glove,,1989,NL,OF
vanslan01,Gold Glove,,1990,NL,OF
vanslan01,Gold Glove,,1991,NL,OF
vanslan01,Gold Glove,,1992,NL,OF
vaughhi01,Triple Crown,,1918,NL,
vaughmo01,MVP,,1995,AL,
venturo01,Gold Glove,,1991,AL,3B
venturo01,Gold Glove,,1992,AL,3B
venturo01,Gold Glove,,1993,AL,3B
venturo01,Gold Glove,,1996,AL,3B
venturo01,Gold Glove,,1998,AL,3B
venturo01,Gold Glove,,1999,NL,3B
versazo01,Gold Glove,,1963,AL,SS
versazo01,Gold Glove,,1965,AL,SS
versazo01,MVP,,1965,AL,
vinafe01,Gold Glove,,2000,NL,2B
violafr01,WS MVP,,1987,ML,
violafr01,Cy Young,,1988,AL,
virdobi01,Rookie of the Year,,1955,NL,
virdobi01,Gold Glove,,1962,NL,OF
vizquom01,Gold Glove,,1993,AL,SS
vizquom01,Gold Glove,,1994,AL,SS
vizquom01,Gold Glove,,1995,AL,SS
vizquom01,Gold Glove,,1996,AL,SS
vizquom01,Gold Glove,,1997,AL,SS
vizquom01,Gold Glove,,1998,AL,SS
vizquom01,Gold Glove,,1999,AL,SS
vizquom01,Gold Glove,,2000,AL,SS
vizquom01,Gold Glove,,2000,AL,SS
vuckope01,Cy Young,,1982,AL,
wadderu01,Triple Crown,,1905,AL,
wagnebi02,Rolaids Relief,,1999,NL,
wagnele01,AS MVP,,1962,ML,1st Game
walkela01,Gold Glove,,1992,NL,OF
walkela01,Gold Glove,,1993,NL,OF
walkela01,Gold Glove,,1997,NL,OF
walkela01,MVP,,1997,NL,
walkela01,Gold Glove,,1998,NL,OF
walkela01,Gold Glove,,1999,NL,OF
walkela01,Gold Glove,,2000,NL,OF
wallati01,Gold Glove,,1985,NL,3B
wallati01,Gold Glove,,1988,NL,3B
wallati01,Gold Glove,,1990,NL,3B
waltebu01,MVP,,1939,NL,
waltebu01,Triple Crown,,1939,NL,
waltoje01,Rookie of the Year,,1989,NL,
wanerpa01,MVP,,1927,NL,
weisswa01,Rookie of the Year,,1988,AL,
welchbo01,Cy Young,,1990,AL,
wellsda01,ALCS MVP,,1998,AL,
wettejo01,Rolaids Relief,,1996,AL,
wettejo01,WS MVP,,1996,ML,
whitalo01,Rookie of the Year,,1978,AL,
whitalo01,Gold Glove,,1983,AL,2B
whitalo01,Gold Glove,,1984,AL,2B
whitalo01,Gold Glove,,1985,AL,2B
whitebi03,Gold Glove,,1960,NL,1B
whitebi03,Gold Glove,,1961,NL,1B
whitebi03,Gold Glove,,1962,NL,1B
whitebi03,Gold Glove,,1963,NL,1B
whitebi03,Gold Glove,,1964,NL,1B
whitebi03,Gold Glove,,1965,NL,1B
whitebi03,Gold Glove,,1966,NL,1B
whitede03,Gold Glove,,1988,AL,OF
whitede03,Gold Glove,,1989,AL,OF
whitede03,Gold Glove,,1991,AL,OF
whitede03,Gold Glove,,1992,AL,OF
whitede03,Gold Glove,,1993,AL,OF
whitede03,Gold Glove,,1994,AL,OF
whitede03,Gold Glove,,1995,AL,OF
whitefr01,Gold Glove,,1977,AL,2B
whitefr01,Gold Glove,,1978,AL,2B
whitefr01,Gold Glove,,1979,AL,2B
whitefr01,ALCS MVP,,1980,AL,
whitefr01,Gold Glove,,1980,AL,2B
whitefr01,Gold Glove,,1981,AL,2B
whitefr01,Gold Glove,,1982,AL,2B
whitefr01,Gold Glove,,1986,AL,2B
whitefr01,Gold Glove,,1987,AL,2B
willibe02,ALCS MVP,,1996,AL,
willibe02,Gold Glove,,1997,AL,OF
willibe02,Gold Glove,,1998,AL,OF
willibe02,Gold Glove,,1999,AL,OF
willibe02,Gold Glove,,2000,AL,OF
willibi01,Rookie of the Year,,1961,NL,
williea02,Rookie of the Year,,1971,NL,
williji03,Mgr of the year,,1999,AL,
willima04,Gold Glove,,1991,NL,3B
willima04,Gold Glove,,1993,NL,3B
willima04,Gold Glove,,1994,NL,3B
willima04,Gold Glove,,1997,AL,3B
willisc01,Rookie of the Year,,1999,NL,
willite01,Triple Crown,,1942,AL,
willite01,MVP,,1946,AL,
willite01,Triple Crown,,1947,AL,
willite01,MVP,,1949,AL,
willsma01,Gold Glove,,1961,NL,SS
willsma01,AS MVP,,1962,ML,2nd Game
willsma01,Gold Glove,,1962,NL,SS
willsma01,MVP,,1962,NL,
wilsowi02,Gold Glove,,1980,AL,OF
winebo01,Gold Glove,,1963,NL,SS
winfida01,Gold Glove,,1979,NL,OF
winfida01,Gold Glove,,1980,NL,OF
winfida01,Gold Glove,,1982,AL,OF
winfida01,Gold Glove,,1983,AL,OF
winfida01,Gold Glove,,1984,AL,OF
winfida01,Gold Glove,,1985,AL,OF
winfida01,Gold Glove,,1987,AL,OF
woodke02,Rookie of the Year,,1998,NL,
worreto01,Rolaids Relief,,1986,NL,
worreto01,Rookie of the Year,,1986,NL,
wynnea01,Cy Young,,1959,ML,
yastrca01,Gold Glove,,1963,AL,OF
yastrca01,Gold Glove,,1965,AL,OF
yastrca01,Gold Glove,,1967,AL,OF
yastrca01,MVP,,1967,AL,
yastrca01,Triple Crown,,1967,AL,
yastrca01,Gold Glove,,1968,AL,OF
yastrca01,Gold Glove,,1969,AL,OF
yastrca01,AS MVP,,1970,ML,
yastrca01,Gold Glove,,1971,AL,OF
yastrca01,Gold Glove,,1977,AL,OF
yeagest01,WS MVP,Y,1981,ML,
youngcy01,Triple Crown,,1901,AL,
yountro01,Gold Glove,,1982,AL,SS
yountro01,MVP,,1982,AL,
yountro01,MVP,,1989,AL,
zimmedo01,Mgr of the year,,1989,NL,
